"marca","modelo","emplacados","acumulado_anual","data"
"FIAT","MOBI","3719","3719","2024-01-02"
"RENAULT","KWID","3096","3096","2024-01-02"
"VW","GOL","8","8","2024-01-02"
"FIAT","UNO","2","2","2024-01-02"
"FIAT","PALIO","1","1","2024-01-02"
"HYUNDAI","HB20","7478","7478","2024-01-02"
"VW","POLO","7258","7258","2024-01-02"
"GM","ONIX","5714","5714","2024-01-02"
"FIAT","ARGO","4696","4696","2024-01-02"
"TOYOTA","YARIS_HB","2003","2003","2024-01-02"
"CITROEN","C3","1879","1879","2024-01-02"
"PEUGEOT","208","1825","1825","2024-01-02"
"BYD","DOLPHIN","1820","1820","2024-01-02"
"HONDA","CITY_HATCH","794","794","2024-01-02"
"GWM","ORA_03","696","696","2024-01-02"
"RENAULT","SANDERO","439","439","2024-01-02"
"JAC","E-JS1","111","111","2024-01-02"
"GM","CRUZE_HB","35","35","2024-01-02"
"AUDI","A3","23","23","2024-01-02"
"HONDA","CIVIC_TYPE-R","13","13","2024-01-02"
"TOYOTA","COROLLA_GR","7","7","2024-01-02"
"MBENZ","CLASSE_A","3","3","2024-01-02"
"VW","GOLF","3","3","2024-01-02"
"FIAT","CRONOS","2926","2926","2024-01-02"
"HYUNDAI","HB20S","1702","1702","2024-01-02"
"RENAULT","LOGAN","72","72","2024-01-02"
"GM","PRISMA","1","1","2024-01-02"
"FIAT","SIENA","0","0","2024-01-02"
"VW","VOYAGE","0","0","2024-01-02"
"GM","ONIX_PLUS","3559","3559","2024-01-02"
"VW","VIRTUS","2372","2372","2024-01-02"
"TOYOTA","YARIS_SEDAN","1685","1685","2024-01-02"
"NISSAN","VERSA","938","938","2024-01-02"
"HONDA","CITY","927","927","2024-01-02"
"VW","POLO_SEDAN","1","1","2024-01-02"
"TOYOTA","COROLLA","2142","2142","2024-01-02"
"BYD","SEAL","612","612","2024-01-02"
"NISSAN","SENTRA","308","308","2024-01-02"
"VW","JETTA","224","224","2024-01-02"
"HONDA","CIVIC","151","151","2024-01-02"
"GM","CRUZE_SEDAN","104","104","2024-01-02"
"AUDI","A3_SEDAN","56","56","2024-01-02"
"AUDI","A5","17","17","2024-01-02"
"CAOA_CHERY","ARRIZO_6","16","16","2024-01-02"
"BMW","420I","9","9","2024-01-02"
"MBENZ","CLA35","4","4","2024-01-02"
"HYUNDAI","IONIQ","3","3","2024-01-02"
"JAC","E-J7","3","3","2024-01-02"
"MBENZ","CLA45","2","2","2024-01-02"
"BMW","218I","1","1","2024-01-02"
"HYUNDAI","ELANTRA","1","1","2024-01-02"
"VW","SANTANA","1","1","2024-01-02"
"KIA","CERATO","0","0","2024-01-02"
"BMW","320I","237","237","2024-01-02"
"MBENZ","CLASSE_C","57","57","2024-01-02"
"MBENZ","CLA200","49","49","2024-01-02"
"HONDA","ACCORD","39","39","2024-01-02"
"PORSCHE","PANAMERA","25","25","2024-01-02"
"BMW","330E","24","24","2024-01-02"
"BYD","HAN","19","19","2024-01-02"
"LEXUS","ES300","15","15","2024-01-02"
"AUDI","A4","9","9","2024-01-02"
"BMW","I4","6","6","2024-01-02"
"TOYOTA","CAMRY","6","6","2024-01-02"
"BMW","530E","2","2","2024-01-02"
"AUDI","RS6_AVANT","6","6","2024-01-02"
"VW","QUANTUM","1","1","2024-01-02"
"FIAT","DOBLO","1","1","2024-01-02"
"GM","BOLT","0","0","2024-01-02"
"HONDA","FIT","0","0","2024-01-02"
"GM","SPIN","1101","1101","2024-01-02"
"TOYOTA","SIENNA","4","4","2024-01-02"
"CHRYSLER","PACIFICA","1","1","2024-01-02"
"VW","IDBUZZ","1","1","2024-01-02"
"PORSCHE","911","80","80","2024-01-02"
"PORSCHE","BOXSTER","42","42","2024-01-02"
"GM","CAMARO","22","22","2024-01-02"
"PORSCHE","TAYCAN","22","22","2024-01-02"
"FORD","MUSTANG","15","15","2024-01-02"
"PORSCHE","CAYMAN","14","14","2024-01-02"
"GM","CORVETTE","9","9","2024-01-02"
"BMW","M3","8","8","2024-01-02"
"FERRARI","296_GTB","6","6","2024-01-02"
"HYUNDAI","CRETA","4898","4898","2024-01-02"
"GM","TRACKER","4280","4280","2024-01-02"
"NISSAN","KICKS","4074","4074","2024-01-02"
"JEEP","COMPASS","3592","3592","2024-01-02"
"VW","NIVUS","3538","3538","2024-01-02"
"VW","T_CROSS","3358","3358","2024-01-02"
"FIAT","FASTBACK","3292","3292","2024-01-02"
"TOYOTA","COROLLA_CROSS","3084","3084","2024-01-02"
"JEEP","RENEGADE","3019","3019","2024-01-02"
"FIAT","PULSE","2833","2833","2024-01-02"
"HONDA","HR-V","2831","2831","2024-01-02"
"CAOA_CHERY","TIGGO_5X","1979","1979","2024-01-02"
"RENAULT","DUSTER","1782","1782","2024-01-02"
"GWM","HAVAL_H6","1619","1619","2024-01-02"
"BYD","SONG_PLUS","1520","1520","2024-01-02"
"TOYOTA","HILUX_SW4","1393","1393","2024-01-02"
"JEEP","COMMANDER","1116","1116","2024-01-02"
"VW","TAOS","1094","1094","2024-01-02"
"CAOA_CHERY","TIGGO_8","874","874","2024-01-02"
"CAOA_CHERY","TIGGO_7","587","587","2024-01-02"
"FORD","TERRITORY","510","510","2024-01-02"
"MITSUBISHI","ECLIPSE_CROSS","503","503","2024-01-02"
"HONDA","ZR-V","396","396","2024-01-02"
"VOLVO","XC60","285","285","2024-01-02"
"VW","TIGUAN","285","285","2024-01-02"
"BYD","YUAN_PLUS","274","274","2024-01-02"
"PEUGEOT","E2008","269","269","2024-01-02"
"BMW","X1","233","233","2024-01-02"
"CITROEN","C4_CACTUS","193","193","2024-01-02"
"VOLVO","XC40","192","192","2024-01-02"
"GM","EQUINOX","189","189","2024-01-02"
"FORD","BRONCO","157","157","2024-01-02"
"AUDI","Q3","143","143","2024-01-02"
"MITSUBISHI","PAJERO","143","143","2024-01-02"
"LAND_ROVER","DISCOVERY","134","134","2024-01-02"
"AUDI","Q5","122","122","2024-01-02"
"KIA","SPORTAGE","122","122","2024-01-02"
"TOYOTA","RAV4","119","119","2024-01-02"
"VOLVO","XC90","108","108","2024-01-02"
"PEUGEOT","2008","96","96","2024-01-02"
"FIAT","MOBI","6288","10007","2024-02-02"
"RENAULT","KWID","6046","9142","2024-02-02"
"VW","GOL","4","12","2024-02-02"
"FIAT","UNO","1","3","2024-02-02"
"FIAT","PALIO","0","1","2024-02-02"
"VW","POLO","8063","15321","2024-02-02"
"HYUNDAI","HB20","5287","12765","2024-02-02"
"FIAT","ARGO","6507","11203","2024-02-02"
"GM","ONIX","4299","10013","2024-02-02"
"TOYOTA","YARIS_HB","1841","3844","2024-02-02"
"BYD","DOLPHIN","1807","3626","2024-02-02"
"CITROEN","C3","1515","3394","2024-02-02"
"PEUGEOT","208","1548","3373","2024-02-02"
"HONDA","CITY_HATCH","775","1569","2024-02-02"
"GWM","ORA_03","588","1284","2024-02-02"
"RENAULT","SANDERO","398","837","2024-02-02"
"JAC","E-JS1","140","251","2024-02-02"
"GM","CRUZE_HB","60","95","2024-02-02"
"AUDI","A3","23","46","2024-02-02"
"HONDA","CIVIC_TYPE-R","9","22","2024-02-02"
"TOYOTA","COROLLA_GR","2","9","2024-02-02"
"MBENZ","A45_AMG","4","6","2024-02-02"
"MBENZ","CLASSE_A","1","4","2024-02-02"
"FIAT","CRONOS","1657","4583","2024-02-02"
"HYUNDAI","HB20S","2205","3907","2024-02-02"
"RENAULT","LOGAN","209","281","2024-02-02"
"GM","PRISMA","0","1","2024-02-02"
"GM","ONIX_PLUS","3259","6818","2024-02-02"
"VW","VIRTUS","2538","4910","2024-02-02"
"TOYOTA","YARIS_SEDAN","1436","3121","2024-02-02"
"HONDA","CITY","914","1841","2024-02-02"
"NISSAN","VERSA","888","1826","2024-02-02"
"VW","POLO_SEDAN","0","1","2024-02-02"
"TOYOTA","COROLLA","2501","4643","2024-02-02"
"BYD","SEAL","455","1066","2024-02-02"
"NISSAN","SENTRA","356","664","2024-02-02"
"VW","JETTA","277","501","2024-02-02"
"GM","CRUZE_SEDAN","193","297","2024-02-02"
"HONDA","CIVIC","78","229","2024-02-02"
"AUDI","A3_SEDAN","22","78","2024-02-02"
"AUDI","A5","20","37","2024-02-02"
"MBENZ","CLA200","22","22","2024-02-02"
"BMW","420I","12","21","2024-02-02"
"CAOA_CHERY","ARRIZO_6","1","17","2024-02-02"
"MBENZ","CLA45","7","9","2024-02-02"
"MBENZ","CLA35","3","7","2024-02-02"
"BMW","218I","3","4","2024-02-02"
"HYUNDAI","IONIQ","0","3","2024-02-02"
"JAC","E-J7","0","3","2024-02-02"
"HYUNDAI","ELANTRA","0","1","2024-02-02"
"ROLLS_ROYCE","ROLLS_ROYCE","1","1","2024-02-02"
"VW","SANTANA","0","1","2024-02-02"
"BMW","320I","252","489","2024-02-02"
"MBENZ","CLASSE_C","43","100","2024-02-02"
"MBENZ","CLA200","19","68","2024-02-02"
"BMW","330E","42","66","2024-02-02"
"HONDA","ACCORD","17","56","2024-02-02"
"PORSCHE","PANAMERA","27","52","2024-02-02"
"BYD","HAN","6","25","2024-02-02"
"LEXUS","ES300","7","22","2024-02-02"
"AUDI","A4","6","15","2024-02-02"
"BMW","I4","7","13","2024-02-02"
"TOYOTA","CAMRY","5","11","2024-02-02"
"BMW","I5","6","6","2024-02-02"
"VW","SPACE_FOX","1","1","2024-02-02"
"AUDI","RS6_AVANT","7","13","2024-02-02"
"VW","QUANTUM","0","1","2024-02-02"
"FIAT","DOBLO","0","1","2024-02-02"
"GM","SPIN","755","1856","2024-02-02"
"CHRYSLER","PACIFICA","6","7","2024-02-02"
"TOYOTA","SIENNA","3","7","2024-02-02"
"KIA","CARNIVAL","2","2","2024-02-02"
"PORSCHE","911","157","237","2024-02-02"
"PORSCHE","BOXSTER","84","126","2024-02-02"
"PORSCHE","CAYMAN","30","44","2024-02-02"
"GM","CAMARO","16","38","2024-02-02"
"BMW","M3","24","32","2024-02-02"
"PORSCHE","TAYCAN","9","31","2024-02-02"
"FORD","MUSTANG","15","30","2024-02-02"
"BMW","M2","25","25","2024-02-02"
"GM","CORVETTE","8","17","2024-02-02"
"HYUNDAI","CRETA","4385","9283","2024-02-02"
"NISSAN","KICKS","3907","7981","2024-02-02"
"GM","TRACKER","3674","7954","2024-02-02"
"JEEP","COMPASS","4074","7665","2024-02-02"
"VW","T_CROSS","4039","7397","2024-02-02"
"FIAT","FASTBACK","3594","6886","2024-02-02"
"VW","NIVUS","3250","6788","2024-02-02"
"JEEP","RENEGADE","3502","6521","2024-02-02"
"HONDA","HR-V","3221","6051","2024-02-02"
"TOYOTA","COROLLA_CROSS","2878","5962","2024-02-02"
"FIAT","PULSE","2652","5485","2024-02-02"
"CAOA_CHERY","TIGGO_5X","1991","3970","2024-02-02"
"BYD","SONG_PLUS","1901","3421","2024-02-02"
"RENAULT","DUSTER","1556","3338","2024-02-02"
"GWM","HAVAL_H6","1127","2746","2024-02-02"
"TOYOTA","HILUX_SW4","1085","2478","2024-02-02"
"JEEP","COMMANDER","1075","2191","2024-02-02"
"VW","TAOS","1068","2162","2024-02-02"
"CAOA_CHERY","TIGGO_8","807","1681","2024-02-02"
"CAOA_CHERY","TIGGO_7","522","1109","2024-02-02"
"MITSUBISHI","ECLIPSE_CROSS","562","1065","2024-02-02"
"FORD","TERRITORY","545","1055","2024-02-02"
"HONDA","ZR-V","390","786","2024-02-02"
"BMW","X1","384","617","2024-02-02"
"VW","TIGUAN","279","564","2024-02-02"
"BYD","YUAN_PLUS","226","500","2024-02-02"
"VOLVO","XC60","166","451","2024-02-02"
"GM","EQUINOX","193","382","2024-02-02"
"FORD","BRONCO","203","360","2024-02-02"
"CITROEN","C4_CACTUS","154","347","2024-02-02"
"PEUGEOT","E2008","62","331","2024-02-02"
"TOYOTA","RAV4","206","325","2024-02-02"
"AUDI","Q3","175","318","2024-02-02"
"LAND_ROVER","DISCOVERY","157","291","2024-02-02"
"MITSUBISHI","PAJERO","135","278","2024-02-02"
"VOLVO","XC40","81","273","2024-02-02"
"AUDI","Q5","145","267","2024-02-02"
"CITROEN","C3_AIRCROSS","204","223","2024-02-02"
"KIA","SPORTAGE","88","210","2024-02-02"
"MBENZ","GLC","108","195","2024-02-02"
"FIAT","MOBI","4658","14665","2024-03-02"
"RENAULT","KWID","3992","13134","2024-03-02"
"VW","GOL","6","18","2024-03-02"
"FIAT","UNO","0","3","2024-03-02"
"VW","UP","2","2","2024-03-02"
"FIAT","PALIO","0","1","2024-03-02"
"GM","CHEVETTE","1","1","2024-03-02"
"VW","POLO","11943","27263","2024-03-02"
"FIAT","ARGO","6850","18053","2024-03-02"
"HYUNDAI","HB20","5288","18053","2024-03-02"
"GM","ONIX","7753","17766","2024-03-02"
"TOYOTA","YARIS_HB","2151","5995","2024-03-02"
"BYD","DOLPHIN","1707","5332","2024-03-02"
"CITROEN","C3","1637","5031","2024-03-02"
"PEUGEOT","208","1129","4502","2024-03-02"
"BYD","DOLPHIN_MINI","2469","2494","2024-03-02"
"HONDA","CITY_HATCH","912","2481","2024-03-02"
"GWM","ORA_03","608","1892","2024-03-02"
"RENAULT","SANDERO","396","1233","2024-03-02"
"GM","CRUZE_HB","34","129","2024-03-02"
"AUDI","A3","57","103","2024-03-02"
"HONDA","CIVIC_TYPE-R","4","26","2024-03-02"
"NISSAN","LEAF","24","25","2024-03-02"
"BMW","118i","11","13","2024-03-02"
"TOYOTA","COROLLA_GR","3","12","2024-03-02"
"FIAT","CRONOS","1884","6466","2024-03-02"
"HYUNDAI","HB20S","1221","5127","2024-03-02"
"RENAULT","LOGAN","140","421","2024-03-02"
"VW","VOYAGE","3","3","2024-03-02"
"FIAT","SIENA","1","1","2024-03-02"
"GM","PRISMA","0","1","2024-03-02"
"GM","ONIX_PLUS","3986","10804","2024-03-02"
"VW","VIRTUS","3017","7926","2024-03-02"
"TOYOTA","YARIS_SEDAN","1444","4565","2024-03-02"
"NISSAN","VERSA","1161","2987","2024-03-02"
"HONDA","CITY","954","2795","2024-03-02"
"VW","POLO_SEDAN","0","1","2024-03-02"
"TOYOTA","COROLLA","3166","7809","2024-03-02"
"BYD","SEAL","350","1415","2024-03-02"
"NISSAN","SENTRA","500","1162","2024-03-02"
"VW","JETTA","268","769","2024-03-02"
"GM","CRUZE_SEDAN","181","478","2024-03-02"
"HONDA","CIVIC","104","333","2024-03-02"
"AUDI","A3_SEDAN","41","119","2024-03-02"
"AUDI","A5","39","76","2024-03-02"
"MBENZ","CLA200","42","64","2024-03-02"
"BMW","420I","19","40","2024-03-02"
"CAOA_CHERY","ARRIZO_6","2","19","2024-03-02"
"MBENZ","CLA45","8","17","2024-03-02"
"BMW","218I","5","9","2024-03-02"
"MBENZ","CLA35","1","8","2024-03-02"
"JAC","E-J7","4","7","2024-03-02"
"HYUNDAI","IONIQ","0","3","2024-03-02"
"HYUNDAI","ELANTRA","0","1","2024-03-02"
"KIA","CERATO","1","1","2024-03-02"
"ROLLS_ROYCE","ROLLS_ROYCE","0","1","2024-03-02"
"VW","BORA","1","1","2024-03-02"
"VW","SANTANA","0","1","2024-03-02"
"BMW","320I","290","779","2024-03-02"
"MBENZ","CLASSE_C","171","271","2024-03-02"
"BMW","330E","18","84","2024-03-02"
"MBENZ","CLA200","8","76","2024-03-02"
"HONDA","ACCORD","15","71","2024-03-02"
"PORSCHE","PANAMERA","11","63","2024-03-02"
"AUDI","A4","14","29","2024-03-02"
"LEXUS","ES300","7","29","2024-03-02"
"BYD","HAN","0","25","2024-03-02"
"BMW","I4","6","19","2024-03-02"
"TOYOTA","CAMRY","3","14","2024-03-02"
"MBENZ","CLASSE_E","7","9","2024-03-02"
"FORD","BELINA","1","1","2024-03-02"
"VW","SPACE_FOX","0","1","2024-03-02"
"AUDI","RS6_AVANT","3","16","2024-03-02"
"VW","QUANTUM","0","1","2024-03-02"
"GM","BOLT","3","3","2024-03-02"
"FIAT","DOBLO","0","1","2024-03-02"
"GM","SPIN","457","2312","2024-03-02"
"CHRYSLER","PACIFICA","1","8","2024-03-02"
"TOYOTA","SIENNA","0","7","2024-03-02"
"KIA","CARNIVAL","0","2","2024-03-02"
"PORSCHE","911","159","396","2024-03-02"
"PORSCHE","BOXSTER","94","220","2024-03-02"
"PORSCHE","CAYMAN","29","73","2024-03-02"
"BMW","M3","28","60","2024-03-02"
"BMW","M2","24","49","2024-03-02"
"GM","CAMARO","11","49","2024-03-02"
"FORD","MUSTANG","14","44","2024-03-02"
"PORSCHE","TAYCAN","10","41","2024-03-02"
"GM","CORVETTE","6","23","2024-03-02"
"HYUNDAI","CRETA","4317","13600","2024-03-02"
"NISSAN","KICKS","5034","13015","2024-03-02"
"VW","T_CROSS","5462","12858","2024-03-02"
"GM","TRACKER","4711","12665","2024-03-02"
"JEEP","COMPASS","3971","11636","2024-03-02"
"FIAT","FASTBACK","3819","10704","2024-03-02"
"VW","NIVUS","3915","10703","2024-03-02"
"JEEP","RENEGADE","3881","10402","2024-03-02"
"HONDA","HR-V","3656","9706","2024-03-02"
"TOYOTA","COROLLA_CROSS","3326","9287","2024-03-02"
"FIAT","PULSE","3038","8523","2024-03-02"
"CAOA_CHERY","TIGGO_5X","2464","6434","2024-03-02"
"RENAULT","DUSTER","2208","5546","2024-03-02"
"BYD","SONG_PLUS","1450","4870","2024-03-02"
"GWM","HAVAL_H6","1097","3843","2024-03-02"
"TOYOTA","HILUX_SW4","1077","3554","2024-03-02"
"JEEP","COMMANDER","1026","3217","2024-03-02"
"VW","TAOS","930","3092","2024-03-02"
"CAOA_CHERY","TIGGO_7","1745","2854","2024-03-02"
"CAOA_CHERY","TIGGO_8","615","2296","2024-03-02"
"MITSUBISHI","ECLIPSE_CROSS","703","1768","2024-03-02"
"HONDA","ZR-V","619","1405","2024-03-02"
"FORD","TERRITORY","128","1183","2024-03-02"
"BMW","X1","502","1119","2024-03-02"
"CITROEN","C3_AIRCROSS","710","933","2024-03-02"
"VW","TIGUAN","348","912","2024-03-02"
"VOLVO","XC60","282","733","2024-03-02"
"BYD","YUAN_PLUS","224","723","2024-03-02"
"RENAULT","KARDIAN","616","654","2024-03-02"
"GM","EQUINOX","232","614","2024-03-02"
"FORD","BRONCO","219","579","2024-03-02"
"AUDI","Q3","227","545","2024-03-02"
"TOYOTA","RAV4","184","509","2024-03-02"
"CITROEN","C4_CACTUS","116","463","2024-03-02"
"MITSUBISHI","PAJERO","159","437","2024-03-02"
"LAND_ROVER","DISCOVERY","138","429","2024-03-02"
"AUDI","Q5","159","425","2024-03-02"
"PEUGEOT","2008","195","361","2024-03-02"
"VOLVO","XC40","84","357","2024-03-02"
"PEUGEOT","E2008","8","339","2024-03-02"
"FIAT","MOBI","5420","20085","2024-04-02"
"RENAULT","KWID","5185","18319","2024-04-02"
"VW","GOL","7","25","2024-04-02"
"FIAT","UNO","3","6","2024-04-02"
"VW","UP","1","3","2024-04-02"
"FIAT","PALIO","1","2","2024-04-02"
"GM","CHEVETTE","0","1","2024-04-02"
"VW","POLO","12434","39697","2024-04-02"
"GM","ONIX","9087","26853","2024-04-02"
"FIAT","ARGO","8599","26652","2024-04-02"
"HYUNDAI","HB20","8194","26247","2024-04-02"
"TOYOTA","YARIS_HB","2227","8222","2024-04-02"
"BYD","DOLPHIN","1619","6950","2024-04-02"
"CITROEN","C3","1537","6567","2024-04-02"
"PEUGEOT","208","1472","5974","2024-04-02"
"BYD","DOLPHIN_MINI","3143","5636","2024-04-02"
"HONDA","CITY_HATCH","1004","3485","2024-04-02"
"GWM","ORA_03","672","2564","2024-04-02"
"RENAULT","SANDERO","365","1598","2024-04-02"
"GM","CRUZE_HB","13","142","2024-04-02"
"AUDI","A3","27","130","2024-04-02"
"HONDA","CIVIC_TYPE-R","9","35","2024-04-02"
"NISSAN","LEAF","0","25","2024-04-02"
"BMW","118i","8","21","2024-04-02"
"MBENZ","CLASSE_A","12","19","2024-04-02"
"FIAT","CRONOS","3403","9869","2024-04-02"
"HYUNDAI","HB20S","2065","7192","2024-04-02"
"RENAULT","LOGAN","675","1096","2024-04-02"
"VW","VOYAGE","1","4","2024-04-02"
"FIAT","SIENA","1","2","2024-04-02"
"FORD","KA_SEDAN","1","1","2024-04-02"
"GM","PRISMA","0","1","2024-04-02"
"GM","ONIX_PLUS","7049","17852","2024-04-02"
"VW","VIRTUS","2456","10381","2024-04-02"
"TOYOTA","YARIS_SEDAN","1670","6235","2024-04-02"
"NISSAN","VERSA","991","3977","2024-04-02"
"HONDA","CITY","1004","3799","2024-04-02"
"VW","POLO_SEDAN","0","1","2024-04-02"
"TOYOTA","COROLLA","3104","10913","2024-04-02"
"BYD","SEAL","283","1698","2024-04-02"
"NISSAN","SENTRA","380","1542","2024-04-02"
"VW","JETTA","274","1043","2024-04-02"
"GM","CRUZE_SEDAN","116","594","2024-04-02"
"HONDA","CIVIC","145","478","2024-04-02"
"AUDI","A3_SEDAN","34","153","2024-04-02"
"MBENZ","CLA200","57","121","2024-04-02"
"AUDI","A5","24","100","2024-04-02"
"BMW","420I","10","50","2024-04-02"
"MBENZ","CLA45","13","30","2024-04-02"
"CAOA_CHERY","ARRIZO_6","3","22","2024-04-02"
"BMW","218I","2","11","2024-04-02"
"MBENZ","CLA35","1","9","2024-04-02"
"JAC","E-J7","2","9","2024-04-02"
"HYUNDAI","IONIQ","0","3","2024-04-02"
"VW","UP","0","3","2024-06-02"
"HYUNDAI","ELANTRA","0","1","2024-04-02"
"KIA","CERATO","0","1","2024-04-02"
"ROLLS_ROYCE","ROLLS_ROYCE","0","1","2024-04-02"
"VW","BORA","0","1","2024-04-02"
"VW","SANTANA","0","1","2024-04-02"
"BMW","320I","410","1189","2024-04-02"
"MBENZ","CLASSE_C","133","404","2024-04-02"
"PORSCHE","PANAMERA","51","114","2024-04-02"
"BMW","330E","15","99","2024-04-02"
"HONDA","ACCORD","13","84","2024-04-02"
"MBENZ","CLA200","3","79","2024-04-02"
"AUDI","A4","10","39","2024-04-02"
"LEXUS","ES300","8","37","2024-04-02"
"BYD","HAN","1","26","2024-04-02"
"BMW","I4","3","22","2024-04-02"
"TOYOTA","CAMRY","5","19","2024-04-02"
"BMW","I7","4","12","2024-04-02"
"FORD","BELINA","0","1","2024-04-02"
"VW","SPACE_FOX","0","1","2024-04-02"
"AUDI","RS6_AVANT","8","24","2024-04-02"
"VW","QUANTUM","0","1","2024-04-02"
"GM","BOLT","1","4","2024-04-02"
"FIAT","DOBLO","0","1","2024-04-02"
"GM","SPIN","2321","4633","2024-04-02"
"CHRYSLER","PACIFICA","1","9","2024-04-02"
"TOYOTA","SIENNA","2","9","2024-04-02"
"BYD","D1","8","8","2024-04-02"
"PORSCHE","911","205","601","2024-04-02"
"PORSCHE","BOXSTER","46","266","2024-04-02"
"PORSCHE","CAYMAN","28","101","2024-04-02"
"BMW","M3","26","86","2024-04-02"
"BMW","M2","32","81","2024-04-02"
"GM","CAMARO","9","58","2024-04-02"
"FORD","MUSTANG","4","48","2024-04-02"
"PORSCHE","TAYCAN","6","47","2024-04-02"
"GM","CORVETTE","10","33","2024-04-02"
"VW","T_CROSS","6224","19082","2024-04-02"
"HYUNDAI","CRETA","5335","18935","2024-04-02"
"GM","TRACKER","5670","18335","2024-04-02"
"NISSAN","KICKS","4582","17596","2024-04-02"
"VW","NIVUS","5259","15962","2024-04-02"
"JEEP","COMPASS","3914","15550","2024-04-02"
"JEEP","RENEGADE","4382","14784","2024-04-02"
"FIAT","FASTBACK","3885","14589","2024-04-02"
"HONDA","HR-V","4285","13991","2024-04-02"
"TOYOTA","COROLLA_CROSS","3754","13041","2024-04-02"
"FIAT","PULSE","3539","12062","2024-04-02"
"CAOA_CHERY","TIGGO_5X","2731","9165","2024-04-02"
"RENAULT","DUSTER","2070","7616","2024-04-02"
"BYD","SONG_PLUS","1699","6569","2024-04-02"
"CAOA_CHERY","TIGGO_7","3026","5880","2024-04-02"
"GWM","HAVAL_H6","1609","5452","2024-04-02"
"TOYOTA","HILUX_SW4","1561","5115","2024-04-02"
"JEEP","COMMANDER","1093","4310","2024-04-02"
"VW","TAOS","795","3887","2024-04-02"
"CAOA_CHERY","TIGGO_8","697","2993","2024-04-02"
"MITSUBISHI","ECLIPSE_CROSS","723","2491","2024-04-02"
"RENAULT","KARDIAN","1581","2235","2024-04-02"
"CITROEN","C3_AIRCROSS","1120","2053","2024-04-02"
"HONDA","ZR-V","544","1949","2024-04-02"
"FORD","TERRITORY","431","1614","2024-04-02"
"BMW","X1","339","1457","2024-04-02"
"VW","TIGUAN","349","1261","2024-04-02"
"VOLVO","XC60","204","937","2024-04-02"
"BYD","YUAN_PLUS","196","919","2024-04-02"
"GM","EQUINOX","233","847","2024-04-02"
"AUDI","Q3","215","760","2024-04-02"
"FORD","BRONCO","175","754","2024-04-02"
"TOYOTA","RAV4","215","724","2024-04-02"
"MITSUBISHI","PAJERO","200","637","2024-04-02"
"PEUGEOT","2008","245","606","2024-04-02"
"CITROEN","C4_CACTUS","121","584","2024-04-02"
"LAND_ROVER","DISCOVERY","131","560","2024-04-02"
"AUDI","Q5","122","547","2024-04-02"
"PORSCHE","MACAN","122","439","2024-04-02"
"GM","TRAILBLAZER","240","428","2024-04-02"
"FIAT","MOBI","6148","26233","2024-05-02"
"RENAULT","KWID","2797","21116","2024-05-02"
"VW","GOL","3","28","2024-05-02"
"FIAT","UNO","1","7","2024-05-02"
"VW","UP","0","3","2024-05-02"
"FIAT","PALIO","0","2","2024-05-02"
"GM","CHEVETTE","1","2","2024-05-02"
"GM","CELTA","1","1","2024-05-02"
"TOYOTA","ETIOS_HB","1","1","2024-05-02"
"VW","POLO","8484","48181","2024-05-02"
"GM","ONIX","7901","34752","2024-05-02"
"HYUNDAI","HB20","6691","32938","2024-05-02"
"FIAT","ARGO","5552","32204","2024-05-02"
"TOYOTA","YARIS_HB","1757","9979","2024-05-02"
"CITROEN","C3","1580","8146","2024-05-02"
"BYD","DOLPHIN","1145","8095","2024-05-02"
"BYD","DOLPHIN_MINI","2104","7734","2024-05-02"
"PEUGEOT","208","1531","7505","2024-05-02"
"HONDA","CITY_HATCH","957","4442","2024-05-02"
"GWM","ORA_03","534","3098","2024-05-02"
"RENAULT","SANDERO","280","1878","2024-05-02"
"GM","CRUZE_HB","19","161","2024-05-02"
"AUDI","A3","29","159","2024-05-02"
"HONDA","CIVIC_TYPE-R","3","38","2024-05-02"
"MBENZ","CLASSE_A","7","26","2024-05-02"
"NISSAN","LEAF","1","26","2024-05-02"
"BMW","118i","4","25","2024-05-02"
"FIAT","CRONOS","3494","13363","2024-05-02"
"HYUNDAI","HB20S","3130","10322","2024-05-02"
"RENAULT","LOGAN","85","1181","2024-05-02"
"VW","VOYAGE","1","5","2024-05-02"
"FIAT","SIENA","1","3","2024-05-02"
"FORD","KA_SEDAN","0","1","2024-05-02"
"GM","PRISMA","0","1","2024-05-02"
"GM","ONIX_PLUS","5517","23369","2024-05-02"
"VW","VIRTUS","2045","12426","2024-05-02"
"TOYOTA","YARIS_SEDAN","1449","7684","2024-05-02"
"HONDA","CITY","1058","4857","2024-05-02"
"NISSAN","VERSA","699","4676","2024-05-02"
"VW","POLO_SEDAN","0","1","2024-05-02"
"TOYOTA","COROLLA","2400","13313","2024-05-02"
"NISSAN","SENTRA","497","2039","2024-05-02"
"BYD","SEAL","213","1910","2024-05-02"
"VW","JETTA","236","1279","2024-05-02"
"GM","CRUZE_SEDAN","84","678","2024-05-02"
"HONDA","CIVIC","113","591","2024-05-02"
"MBENZ","CLA200","65","186","2024-05-02"
"AUDI","A3_SEDAN","29","182","2024-05-02"
"AUDI","A5","36","136","2024-05-02"
"BMW","420I","5","55","2024-05-02"
"MBENZ","CLA45","11","41","2024-05-02"
"CAOA_CHERY","ARRIZO_6","2","24","2024-05-02"
"MBENZ","CLA35","5","14","2024-05-02"
"BMW","218I","1","12","2024-05-02"
"JAC","E-J7","2","11","2024-05-02"
"HYUNDAI","IONIQ","0","3","2024-05-02"
"TESLA","MODEL_3","1","2","2024-05-02"
"HYUNDAI","ELANTRA","0","1","2024-05-02"
"KIA","CERATO","0","1","2024-05-02"
"ROLLS_ROYCE","ROLLS_ROYCE","0","1","2024-05-02"
"VW","BORA","0","1","2024-05-02"
"BMW","320I","470","1659","2024-05-02"
"MBENZ","CLASSE_C","115","519","2024-05-02"
"PORSCHE","PANAMERA","56","170","2024-05-02"
"BMW","330E","10","109","2024-05-02"
"HONDA","ACCORD","16","100","2024-05-02"
"MBENZ","CLA200","0","79","2024-05-02"
"AUDI","A4","21","60","2024-05-02"
"LEXUS","ES300","8","45","2024-05-02"
"BMW","I4","6","28","2024-05-02"
"BYD","HAN","0","26","2024-05-02"
"TOYOTA","CAMRY","2","21","2024-05-02"
"BMW","I5","4","14","2024-05-02"
"FORD","BELINA","0","1","2024-05-02"
"VW","SPACE_FOX","0","1","2024-05-02"
"AUDI","RS6_AVANT","3","27","2024-05-02"
"VW","QUANTUM","0","1","2024-05-02"
"GM","BOLT","10","14","2024-05-02"
"FIAT","DOBLO","0","1","2024-05-02"
"HONDA","FIT","1","1","2024-05-02"
"GM","SPIN","2529","7162","2024-05-02"
"TOYOTA","SIENNA","3","12","2024-05-02"
"CHRYSLER","PACIFICA","1","10","2024-05-02"
"BYD","D1","0","8","2024-05-02"
"PORSCHE","911","116","717","2024-05-02"
"PORSCHE","BOXSTER","47","313","2024-05-02"
"PORSCHE","CAYMAN","28","129","2024-05-02"
"BMW","M2","26","107","2024-05-02"
"BMW","M3","12","98","2024-05-02"
"FORD","MUSTANG","20","68","2024-05-02"
"GM","CAMARO","10","68","2024-05-02"
"PORSCHE","TAYCAN","14","61","2024-05-02"
"GM","CORVETTE","11","44","2024-05-02"
"VW","T_CROSS","6501","25583","2024-05-02"
"HYUNDAI","CRETA","5739","24673","2024-05-02"
"NISSAN","KICKS","5910","23505","2024-05-02"
"GM","TRACKER","4613","22948","2024-05-02"
"VW","NIVUS","4546","20507","2024-05-02"
"JEEP","RENEGADE","4173","18957","2024-05-02"
"JEEP","COMPASS","3282","18831","2024-05-02"
"FIAT","FASTBACK","3589","18178","2024-05-02"
"HONDA","HR-V","3660","17651","2024-05-02"
"TOYOTA","COROLLA_CROSS","4565","17606","2024-05-02"
"FIAT","PULSE","3084","15146","2024-05-02"
"CAOA_CHERY","TIGGO_5X","2446","11611","2024-05-02"
"RENAULT","DUSTER","1189","8804","2024-05-02"
"BYD","SONG_PLUS","1560","8128","2024-05-02"
"CAOA_CHERY","TIGGO_7","1694","7574","2024-05-02"
"GWM","HAVAL_H6","1438","6890","2024-05-02"
"TOYOTA","HILUX_SW4","1063","6177","2024-05-02"
"JEEP","COMMANDER","1176","5489","2024-05-02"
"VW","TAOS","1235","5122","2024-05-02"
"CAOA_CHERY","TIGGO_8","774","3767","2024-05-02"
"RENAULT","KARDIAN","1203","3438","2024-05-02"
"MITSUBISHI","ECLIPSE_CROSS","734","3225","2024-05-02"
"CITROEN","C3_AIRCROSS","845","2898","2024-05-02"
"HONDA","ZR-V","491","2439","2024-05-02"
"FORD","TERRITORY","435","2049","2024-05-02"
"BMW","X1","439","1882","2024-05-02"
"VW","TIGUAN","313","1574","2024-05-02"
"VOLVO","XC60","267","1204","2024-05-02"
"BYD","YUAN_PLUS","193","1112","2024-05-02"
"TOYOTA","RAV4","357","1081","2024-05-02"
"GM","EQUINOX","163","1010","2024-05-02"
"AUDI","Q3","179","939","2024-05-02"
"FORD","BRONCO","154","908","2024-05-02"
"MITSUBISHI","PAJERO","165","802","2024-05-02"
"LAND_ROVER","DISCOVERY","143","703","2024-05-02"
"PEUGEOT","2008","92","698","2024-05-02"
"GM","TRAILBLAZER","253","681","2024-05-02"
"CITROEN","C4_CACTUS","64","648","2024-05-02"
"AUDI","Q5","85","632","2024-05-02"
"BMW","X3","171","543","2024-05-02"
"FIAT","MOBI","6007","32240","2024-06-02"
"RENAULT","KWID","4520","25635","2024-06-02"
"VW","GOL","2","30","2024-06-02"
"FIAT","UNO","0","7","2024-06-02"
"GM","CHEVETTE","1","3","2024-06-02"
"FIAT","PALIO","0","2","2024-06-02"
"FORD","KA","1","1","2024-06-02"
"GM","CELTA","0","1","2024-06-02"
"VW","POLO","9683","57862","2024-06-02"
"GM","ONIX","8852","43603","2024-06-02"
"HYUNDAI","HB20","9760","42696","2024-06-02"
"FIAT","ARGO","7423","39624","2024-06-02"
"TOYOTA","YARIS_HB","2336","12314","2024-06-02"
"CITROEN","C3","1985","10131","2024-06-02"
"PEUGEOT","208","2368","9871","2024-06-02"
"BYD","DOLPHIN","1514","9608","2024-06-02"
"BYD","DOLPHIN_MINI","1318","9050","2024-06-02"
"HONDA","CITY_HATCH","1232","5674","2024-06-02"
"GWM","ORA_03","589","3687","2024-06-02"
"RENAULT","SANDERO","217","2095","2024-06-02"
"AUDI","A3","28","187","2024-06-02"
"GM","CRUZE_HB","12","173","2024-06-02"
"HONDA","CIVIC_TYPE-R","7","45","2024-06-02"
"MBENZ","CLASSE_A","7","33","2024-06-02"
"TOYOTA","COROLLA_GR","7","29","2024-06-02"
"BMW","118i","1","26","2024-06-02"
"FIAT","CRONOS","3400","16763","2024-06-02"
"HYUNDAI","HB20S","3759","14081","2024-06-02"
"RENAULT","LOGAN","312","1493","2024-06-02"
"VW","VOYAGE","2","7","2024-06-02"
"FIAT","SIENA","1","4","2024-06-02"
"FORD","KA_SEDAN","0","1","2024-06-02"
"GM","PRISMA","0","1","2024-06-02"
"GM","ONIX_PLUS","6538","29907","2024-06-02"
"VW","VIRTUS","2560","14986","2024-06-02"
"TOYOTA","YARIS_SEDAN","2088","9772","2024-06-02"
"HONDA","CITY","1343","6200","2024-06-02"
"NISSAN","VERSA","1275","5950","2024-06-02"
"GM","COBALT","1","1","2024-06-02"
"TOYOTA","COROLLA","3189","16502","2024-06-02"
"NISSAN","SENTRA","494","2532","2024-06-02"
"BYD","SEAL","283","2193","2024-06-02"
"VW","JETTA","271","1550","2024-06-02"
"GM","CRUZE_SEDAN","40","718","2024-06-02"
"HONDA","CIVIC","107","698","2024-06-02"
"MBENZ","CLA200","47","233","2024-06-02"
"AUDI","A3_SEDAN","29","211","2024-06-02"
"AUDI","A5","38","174","2024-06-02"
"BYD","KING","78","78","2024-06-02"
"BMW","420I","9","64","2024-06-02"
"MBENZ","CLA45","8","49","2024-06-02"
"MBENZ","CLA35","16","30","2024-06-02"
"CAOA_CHERY","ARRIZO_6","0","24","2024-06-02"
"BMW","218I","3","15","2024-06-02"
"JAC","E-J7","1","12","2024-06-02"
"TESLA","MODEL_3","2","4","2024-06-02"
"HYUNDAI","IONIQ","0","3","2024-06-02"
"HYUNDAI","ELANTRA","1","2","2024-06-02"
"GM","IMPALA","1","1","2024-06-02"
"KIA","CERATO","0","1","2024-06-02"
"BMW","320I","424","2083","2024-06-02"
"MBENZ","CLASSE_C","65","584","2024-06-02"
"PORSCHE","PANAMERA","28","198","2024-06-02"
"BMW","330E","46","155","2024-06-02"
"HONDA","ACCORD","15","114","2024-06-02"
"MBENZ","CLA200","1","80","2024-06-02"
"AUDI","A4","19","79","2024-06-02"
"LEXUS","ES300","14","59","2024-06-02"
"BMW","I4","11","39","2024-06-02"
"BYD","HAN","1","27","2024-06-02"
"TOYOTA","CAMRY","4","25","2024-06-02"
"BMW","I5","2","16","2024-06-02"
"FIAT","PALIO_WEEKEND","1","1","2024-06-02"
"FORD","BELINA","0","1","2024-06-02"
"VW","SPACE_FOX","0","1","2024-06-02"
"AUDI","RS6_AVANT","11","38","2024-06-02"
"VW","QUANTUM","0","1","2024-06-02"
"GM","BOLT","0","14","2024-06-02"
"FIAT","DOBLO","1","2","2024-06-02"
"HONDA","FIT","0","1","2024-06-02"
"GM","SPIN","2253","9415","2024-06-02"
"CHRYSLER","PACIFICA","3","13","2024-06-02"
"TOYOTA","SIENNA","1","13","2024-06-02"
"BYD","D1","0","8","2024-06-02"
"PORSCHE","911","92","809","2024-06-02"
"PORSCHE","BOXSTER","55","368","2024-06-02"
"PORSCHE","CAYMAN","23","152","2024-06-02"
"BMW","M2","20","127","2024-06-02"
"BMW","M3","18","116","2024-06-02"
"FORD","MUSTANG","23","91","2024-06-02"
"GM","CAMARO","9","77","2024-06-02"
"PORSCHE","TAYCAN","8","69","2024-06-02"
"GM","CORVETTE","13","57","2024-06-02"
"VW","T_CROSS","5936","31519","2024-06-02"
"HYUNDAI","CRETA","5858","30531","2024-06-02"
"GM","TRACKER","5918","28865","2024-06-02"
"NISSAN","KICKS","4677","28181","2024-06-02"
"VW","NIVUS","5359","25866","2024-06-02"
"JEEP","RENEGADE","4535","23492","2024-06-02"
"JEEP","COMPASS","3960","22791","2024-06-02"
"HONDA","HR-V","4299","21950","2024-06-02"
"TOYOTA","COROLLA_CROSS","4239","21844","2024-06-02"
"FIAT","FASTBACK","3557","21735","2024-06-02"
"FIAT","PULSE","2957","18103","2024-06-02"
"CAOA_CHERY","TIGGO_5X","2521","14131","2024-06-02"
"RENAULT","DUSTER","1369","10173","2024-06-02"
"BYD","SONG_PLUS","1911","10038","2024-06-02"
"CAOA_CHERY","TIGGO_7","1875","9449","2024-06-02"
"GWM","HAVAL_H6","2153","9043","2024-06-02"
"TOYOTA","HILUX_SW4","1454","7631","2024-06-02"
"JEEP","COMMANDER","1587","7076","2024-06-02"
"VW","TAOS","1891","7013","2024-06-02"
"RENAULT","KARDIAN","1753","5191","2024-06-02"
"CAOA_CHERY","TIGGO_8","564","4331","2024-06-02"
"MITSUBISHI","ECLIPSE_CROSS","758","3983","2024-06-02"
"CITROEN","C3_AIRCROSS","1014","3912","2024-06-02"
"HONDA","ZR-V","341","2780","2024-06-02"
"BMW","X1","555","2436","2024-06-02"
"FORD","TERRITORY","289","2338","2024-06-02"
"VW","TIGUAN","236","1810","2024-06-02"
"VOLVO","XC60","244","1448","2024-06-02"
"BYD","YUAN_PLUS","219","1331","2024-06-02"
"TOYOTA","RAV4","198","1279","2024-06-02"
"GM","EQUINOX","263","1273","2024-06-02"
"VOLVO","EX30","666","1164","2024-06-02"
"AUDI","Q3","212","1151","2024-06-02"
"FORD","BRONCO","157","1065","2024-06-02"
"MITSUBISHI","PAJERO","249","1051","2024-06-02"
"PORSCHE","CAYENNE","324","839","2024-06-02"
"LAND_ROVER","DISCOVERY","130","833","2024-06-02"
"GM","TRAILBLAZER","133","814","2024-06-02"
"AUDI","Q5","119","751","2024-06-02"
"PEUGEOT","2008","41","739","2024-06-02"
"FIAT","MOBI","6807","39041","2024-07-02"
"RENAULT","KWID","3520","29155","2024-07-02"
"VW","GOL","3","33","2024-07-02"
"FIAT","UNO","3","10","2024-07-02"
"VW","UP","1","4","2024-07-02"
"GM","CHEVETTE","0","3","2024-07-02"
"FIAT","PALIO","0","2","2024-07-02"
"FORD","KA","0","1","2024-07-02"
"GM","CELTA","0","1","2024-07-02"
"VW","POLO","12543","70405","2024-07-02"
"GM","ONIX","7423","51026","2024-07-02"
"HYUNDAI","HB20","7228","49924","2024-07-02"
"FIAT","ARGO","8663","48284","2024-07-02"
"TOYOTA","YARIS_HB","2819","15132","2024-07-02"
"CITROEN","C3","2111","12242","2024-07-02"
"PEUGEOT","208","2371","12241","2024-07-02"
"BYD","DOLPHIN","1467","11074","2024-07-02"
"BYD","DOLPHIN_MINI","1488","10536","2024-07-02"
"HONDA","CITY_HATCH","1590","7264","2024-07-02"
"GWM","ORA_03","398","4085","2024-07-02"
"RENAULT","SANDERO","432","2527","2024-07-02"
"AUDI","A3","28","215","2024-07-02"
"GM","CRUZE_HB","4","177","2024-07-02"
"HONDA","CIVIC_TYPE-R","7","52","2024-07-02"
"MBENZ","CLASSE_A","4","37","2024-07-02"
"TOYOTA","COROLLA_GR","4","33","2024-07-02"
"BMW","118i","2","28","2024-07-02"
"FIAT","CRONOS","2603","19366","2024-07-02"
"HYUNDAI","HB20S","3048","17129","2024-07-02"
"RENAULT","LOGAN","644","2137","2024-07-02"
"VW","VOYAGE","1","8","2024-07-02"
"FIAT","SIENA","2","6","2024-07-02"
"FORD","KA_SEDAN","0","1","2024-07-02"
"GM","PRISMA","0","1","2024-07-02"
"GM","ONIX_PLUS","4864","34771","2024-07-02"
"VW","VIRTUS","2906","17892","2024-07-02"
"TOYOTA","YARIS_SEDAN","2291","12063","2024-07-02"
"HONDA","CITY","1701","7901","2024-07-02"
"NISSAN","VERSA","1327","7277","2024-07-02"
"GM","COBALT","0","1","2024-07-02"
"TOYOTA","COROLLA","3500","20002","2024-07-02"
"NISSAN","SENTRA","728","3260","2024-07-02"
"BYD","SEAL","221","2413","2024-07-02"
"VW","JETTA","245","1795","2024-07-02"
"HONDA","CIVIC","146","844","2024-07-02"
"GM","CRUZE_SEDAN","27","745","2024-07-02"
"BYD","KING","593","671","2024-07-02"
"MBENZ","CLA200","62","295","2024-07-02"
"AUDI","A3_SEDAN","31","242","2024-07-02"
"AUDI","A5","35","209","2024-07-02"
"BMW","420I","8","72","2024-07-02"
"MBENZ","CLA45","3","52","2024-07-02"
"MBENZ","CLA35","14","44","2024-07-02"
"CAOA_CHERY","ARRIZO_6","1","25","2024-07-02"
"BMW","218I","2","17","2024-07-02"
"JAC","E-J7","1","13","2024-07-02"
"TESLA","MODEL_3","0","4","2024-07-02"
"HYUNDAI","IONIQ","0","3","2024-07-02"
"HYUNDAI","ELANTRA","0","2","2024-07-02"
"KIA","CERATO","1","2","2024-07-02"
"CITROEN","C4_PALLAS","1","1","2024-07-02"
"BMW","320I","332","2415","2024-07-02"
"MBENZ","CLASSE_C","220","804","2024-07-02"
"BMW","330E","68","223","2024-07-02"
"PORSCHE","PANAMERA","16","214","2024-07-02"
"HONDA","ACCORD","11","125","2024-07-02"
"AUDI","A4","12","91","2024-07-02"
"MBENZ","CLA200","1","81","2024-07-02"
"LEXUS","ES300","10","69","2024-07-02"
"BMW","I4","16","55","2024-07-02"
"BMW","530E","33","39","2024-07-02"
"BYD","HAN","4","31","2024-07-02"
"TOYOTA","CAMRY","0","25","2024-07-02"
"FIAT","PALIO_WEEKEND","0","1","2024-07-02"
"FORD","BELINA","0","1","2024-07-02"
"VW","SPACE_FOX","0","1","2024-07-02"
"AUDI","RS6_AVANT","7","45","2024-07-02"
"VW","QUANTUM","0","1","2024-07-02"
"GM","BOLT","0","14","2024-07-02"
"FIAT","DOBLO","0","2","2024-07-02"
"HONDA","FIT","0","1","2024-07-02"
"GM","SPIN","2370","11785","2024-07-02"
"KIA","CARNIVAL","37","40","2024-07-02"
"CHRYSLER","PACIFICA","1","14","2024-07-02"
"TOYOTA","SIENNA","1","14","2024-07-02"
"PORSCHE","911","185","994","2024-07-02"
"PORSCHE","BOXSTER","92","460","2024-07-02"
"FORD","MUSTANG","134","225","2024-07-02"
"PORSCHE","CAYMAN","40","192","2024-07-02"
"BMW","M2","26","153","2024-07-02"
"BMW","M3","20","136","2024-07-02"
"GM","CAMARO","9","86","2024-07-02"
"PORSCHE","TAYCAN","4","73","2024-07-02"
"GM","CORVETTE","5","62","2024-07-02"
"VW","T_CROSS","8185","39703","2024-07-02"
"HYUNDAI","CRETA","7281","37812","2024-07-02"
"GM","TRACKER","6391","35256","2024-07-02"
"NISSAN","KICKS","5819","33999","2024-07-02"
"VW","NIVUS","5570","31436","2024-07-02"
"JEEP","RENEGADE","5766","29258","2024-07-02"
"JEEP","COMPASS","4728","27517","2024-07-02"
"FIAT","FASTBACK","5651","27384","2024-07-02"
"TOYOTA","COROLLA_CROSS","4848","26691","2024-07-02"
"HONDA","HR-V","4635","26585","2024-07-02"
"FIAT","PULSE","3662","21763","2024-07-02"
"CAOA_CHERY","TIGGO_5X","1500","15631","2024-07-02"
"CAOA_CHERY","TIGGO_7","3471","12920","2024-07-02"
"BYD","SONG","2139","12176","2024-07-02"
"GWM","HAVAL_H6","2786","11829","2024-07-02"
"RENAULT","DUSTER","1369","11542","2024-07-02"
"TOYOTA","HILUX_SW4","1510","9141","2024-07-02"
"VW","TAOS","2076","9089","2024-07-02"
"JEEP","COMMANDER","1696","8772","2024-07-02"
"RENAULT","KARDIAN","2367","7558","2024-07-02"
"CITROEN","C3_AIRCROSS","924","4836","2024-07-02"
"MITSUBISHI","ECLIPSE_CROSS","837","4820","2024-07-02"
"CAOA_CHERY","TIGGO_8","356","4687","2024-07-02"
"HONDA","ZR-V","215","2995","2024-07-02"
"BMW","X1","415","2851","2024-07-02"
"FORD","TERRITORY","508","2846","2024-07-02"
"VW","TIGUAN","256","2066","2024-07-02"
"VOLVO","XC60","256","1704","2024-07-02"
"GM","EQUINOX","337","1610","2024-07-02"
"BYD","YUAN_PLUS","151","1482","2024-07-02"
"VOLVO","EX30","317","1481","2024-07-02"
"TOYOTA","RAV4","143","1422","2024-07-02"
"AUDI","Q3","256","1407","2024-07-02"
"MITSUBISHI","PAJERO","345","1396","2024-07-02"
"FORD","BRONCO","271","1336","2024-07-02"
"PORSCHE","CAYENNE","175","1014","2024-07-02"
"GM","TRAILBLAZER","173","987","2024-07-02"
"LAND_ROVER","DISCOVERY","150","983","2024-07-02"
"BMW","X3","151","878","2024-07-02"
"AUDI","Q5","89","840","2024-07-02"
