marca,modelo,emplacados,acumulado_anual,data,,,,
FIAT,MOBI,3719,3719,1/2/2024,,,,
RENAULT,KWID,3096,3096,1/2/2024,,,,
VW,GOL,8,8,1/2/2024,,,,
FIAT,UNO,2,2,1/2/2024,,,,
FIAT,PALIO,1,1,1/2/2024,,,,
HYUNDAI,HB20,7478,7478,1/2/2024,,,,
VW,POLO,7258,7258,1/2/2024,,,,
GM,ONIX,5714,5714,1/2/2024,,,,
FIAT,ARGO,4696,4696,1/2/2024,,,,
TOYOTA,YARIS_HB,2003,2003,1/2/2024,,,,
CITROEN,C3,1879,1879,1/2/2024,,,,
PEUGEOT,208,1825,1825,1/2/2024,,,,
BYD,DOLPHIN,1820,1820,1/2/2024,,,,
HONDA,CITY_HATCH,794,794,1/2/2024,,,,
GWM,ORA_03,696,696,1/2/2024,,,,
RENAULT,SANDERO,439,439,1/2/2024,,,,
JAC,E-JS1,111,111,1/2/2024,,,,
GM,CRUZE_HB,35,35,1/2/2024,,,,
AUDI,A3,23,23,1/2/2024,,,,
HONDA,CIVIC_TYPE-R,13,13,1/2/2024,,,,
TOYOTA,COROLLA_GR,7,7,1/2/2024,,,,
MBENZ,CLASSE_A,3,3,1/2/2024,,,,
VW,GOLF,3,3,1/2/2024,,,,
FIAT,CRONOS,2926,2926,1/2/2024,,,,
HYUNDAI,HB20S,1702,1702,1/2/2024,,,,
RENAULT,LOGAN,72,72,1/2/2024,,,,
GM,PRISMA,1,1,1/2/2024,,,,
FIAT,SIENA,0,0,1/2/2024,,,,
VW,VOYAGE,0,0,1/2/2024,,,,
GM,ONIX_PLUS,3559,3559,1/2/2024,,,,
VW,VIRTUS,2372,2372,1/2/2024,,,,
TOYOTA,YARIS_SEDAN,1685,1685,1/2/2024,,,,
NISSAN,VERSA,938,938,1/2/2024,,,,
HONDA,CITY,927,927,1/2/2024,,,,
VW,POLO_SEDAN,1,1,1/2/2024,,,,
TOYOTA,COROLLA,2142,2142,1/2/2024,,,,
BYD,SEAL,612,612,1/2/2024,,,,
NISSAN,SENTRA,308,308,1/2/2024,,,,
VW,JETTA,224,224,1/2/2024,,,,
HONDA,CIVIC,151,151,1/2/2024,,,,
GM,CRUZE_SEDAN,104,104,1/2/2024,,,,
AUDI,A3_SEDAN,56,56,1/2/2024,,,,
AUDI,A5,17,17,1/2/2024,,,,
CAOA_CHERY,ARRIZO_6,16,16,1/2/2024,,,,
BMW,420I,9,9,1/2/2024,,,,
MBENZ,CLA35,4,4,1/2/2024,,,,
HYUNDAI,IONIQ,3,3,1/2/2024,,,,
JAC,E-J7,3,3,1/2/2024,,,,
MBENZ,CLA45,2,2,1/2/2024,,,,
BMW,218I,1,1,1/2/2024,,,,
HYUNDAI,ELANTRA,1,1,1/2/2024,,,,
VW,SANTANA,1,1,1/2/2024,,,,
KIA,CERATO,0,0,1/2/2024,,,,
BMW,320I,237,237,1/2/2024,,,,
MBENZ,CLASSE_C,57,57,1/2/2024,,,,
MBENZ,CLA200,49,49,1/2/2024,,,,
HONDA,ACCORD,39,39,1/2/2024,,,,
PORSCHE,PANAMERA,25,25,1/2/2024,,,,
BMW,330E,24,24,1/2/2024,,,,
BYD,HAN,19,19,1/2/2024,,,,
LEXUS,ES300,15,15,1/2/2024,,,,
AUDI,A4,9,9,1/2/2024,,,,
BMW,I4,6,6,1/2/2024,,,,
TOYOTA,CAMRY,6,6,1/2/2024,,,,
BMW,530E,2,2,1/2/2024,,,,
AUDI,RS6_AVANT,6,6,1/2/2024,,,,
VW,QUANTUM,1,1,1/2/2024,,,,
FIAT,DOBLO,1,1,1/2/2024,,,,
GM,BOLT,0,0,1/2/2024,,,,
HONDA,FIT,0,0,1/2/2024,,,,
GM,SPIN,1101,1101,1/2/2024,,,,
TOYOTA,SIENNA,4,4,1/2/2024,,,,
CHRYSLER,PACIFICA,1,1,1/2/2024,,,,
VW,IDBUZZ,1,1,1/2/2024,,,,
PORSCHE,911,80,80,1/2/2024,,,,
PORSCHE,BOXSTER,42,42,1/2/2024,,,,
GM,CAMARO,22,22,1/2/2024,,,,
PORSCHE,TAYCAN,22,22,1/2/2024,,,,
FORD,MUSTANG,15,15,1/2/2024,,,,
PORSCHE,CAYMAN,14,14,1/2/2024,,,,
GM,CORVETTE,9,9,1/2/2024,,,,
BMW,M3,8,8,1/2/2024,,,,
FERRARI,296_GTB,6,6,1/2/2024,,,,
HYUNDAI,CRETA,4898,4898,1/2/2024,,,,
GM,TRACKER,4280,4280,1/2/2024,,,,
NISSAN,KICKS,4074,4074,1/2/2024,,,,
JEEP,COMPASS,3592,3592,1/2/2024,,,,
VW,NIVUS,3538,3538,1/2/2024,,,,
VW,T_CROSS,3358,3358,1/2/2024,,,,
FIAT,FASTBACK,3292,3292,1/2/2024,,,,
TOYOTA,COROLLA_CROSS,3084,3084,1/2/2024,,,,
JEEP,RENEGADE,3019,3019,1/2/2024,,,,
FIAT,PULSE,2833,2833,1/2/2024,,,,
HONDA,HR-V,2831,2831,1/2/2024,,,,
CAOA_CHERY,TIGGO_5X,1979,1979,1/2/2024,,,,
RENAULT,DUSTER,1782,1782,1/2/2024,,,,
GWM,HAVAL_H6,1619,1619,1/2/2024,,,,
BYD,SONG_PLUS,1520,1520,1/2/2024,,,,
TOYOTA,HILUX_SW4,1393,1393,1/2/2024,,,,
JEEP,COMMANDER,1116,1116,1/2/2024,,,,
VW,TAOS,1094,1094,1/2/2024,,,,
CAOA_CHERY,TIGGO_8,874,874,1/2/2024,,,,
CAOA_CHERY,TIGGO_7,587,587,1/2/2024,,,,
FORD,TERRITORY,510,510,1/2/2024,,,,
MITSUBISHI,ECLIPSE_CROSS,503,503,1/2/2024,,,,
HONDA,ZR-V,396,396,1/2/2024,,,,
VOLVO,XC60,285,285,1/2/2024,,,,
VW,TIGUAN,285,285,1/2/2024,,,,
BYD,YUAN_PLUS,274,274,1/2/2024,,,,
PEUGEOT,E2008,269,269,1/2/2024,,,,
BMW,X1,233,233,1/2/2024,,,,
CITROEN,C4_CACTUS,193,193,1/2/2024,,,,
VOLVO,XC40,192,192,1/2/2024,,,,
GM,EQUINOX,189,189,1/2/2024,,,,
FORD,BRONCO,157,157,1/2/2024,,,,
AUDI,Q3,143,143,1/2/2024,,,,
MITSUBISHI,PAJERO,143,143,1/2/2024,,,,
LAND_ROVER,DISCOVERY,134,134,1/2/2024,,,,
AUDI,Q5,122,122,1/2/2024,,,,
KIA,SPORTAGE,122,122,1/2/2024,,,,
TOYOTA,RAV4,119,119,1/2/2024,,,,
VOLVO,XC90,108,108,1/2/2024,,,,
PEUGEOT,2008,96,96,1/2/2024,,,,
FIAT,MOBI,6288,10007,2/2/2024,,,,
RENAULT,KWID,6046,9142,2/2/2024,,,,
VW,GOL,4,12,2/2/2024,,,,
FIAT,UNO,1,3,2/2/2024,,,,
FIAT,PALIO,0,1,2/2/2024,,,,
VW,POLO,8063,15321,2/2/2024,,,,
HYUNDAI,HB20,5287,12765,2/2/2024,,,,
FIAT,ARGO,6507,11203,2/2/2024,,,,
GM,ONIX,4299,10013,2/2/2024,,,,
TOYOTA,YARIS_HB,1841,3844,2/2/2024,,,,
BYD,DOLPHIN,1807,3626,2/2/2024,,,,
CITROEN,C3,1515,3394,2/2/2024,,,,
PEUGEOT,208,1548,3373,2/2/2024,,,,
HONDA,CITY_HATCH,775,1569,2/2/2024,,,,
GWM,ORA_03,588,1284,2/2/2024,,,,
RENAULT,SANDERO,398,837,2/2/2024,,,,
JAC,E-JS1,140,251,2/2/2024,,,,
GM,CRUZE_HB,60,95,2/2/2024,,,,
AUDI,A3,23,46,2/2/2024,,,,
HONDA,CIVIC_TYPE-R,9,22,2/2/2024,,,,
TOYOTA,COROLLA_GR,2,9,2/2/2024,,,,
MBENZ,A45_AMG,4,6,2/2/2024,,,,
MBENZ,CLASSE_A,1,4,2/2/2024,,,,
FIAT,CRONOS,1657,4583,2/2/2024,,,,
HYUNDAI,HB20S,2205,3907,2/2/2024,,,,
RENAULT,LOGAN,209,281,2/2/2024,,,,
GM,PRISMA,0,1,2/2/2024,,,,
GM,ONIX_PLUS,3259,6818,2/2/2024,,,,
VW,VIRTUS,2538,4910,2/2/2024,,,,
TOYOTA,YARIS_SEDAN,1436,3121,2/2/2024,,,,
HONDA,CITY,914,1841,2/2/2024,,,,
NISSAN,VERSA,888,1826,2/2/2024,,,,
VW,POLO_SEDAN,0,1,2/2/2024,,,,
TOYOTA,COROLLA,2501,4643,2/2/2024,,,,
BYD,SEAL,455,1066,2/2/2024,,,,
NISSAN,SENTRA,356,664,2/2/2024,,,,
VW,JETTA,277,501,2/2/2024,,,,
GM,CRUZE_SEDAN,193,297,2/2/2024,,,,
HONDA,CIVIC,78,229,2/2/2024,,,,
AUDI,A3_SEDAN,22,78,2/2/2024,,,,
AUDI,A5,20,37,2/2/2024,,,,
MBENZ,CLA200,22,22,2/2/2024,,,,
BMW,420I,12,21,2/2/2024,,,,
CAOA_CHERY,ARRIZO_6,1,17,2/2/2024,,,,
MBENZ,CLA45,7,9,2/2/2024,,,,
MBENZ,CLA35,3,7,2/2/2024,,,,
BMW,218I,3,4,2/2/2024,,,,
HYUNDAI,IONIQ,0,3,2/2/2024,,,,
JAC,E-J7,0,3,2/2/2024,,,,
HYUNDAI,ELANTRA,0,1,2/2/2024,,,,
ROLLS_ROYCE,ROLLS_ROYCE,1,1,2/2/2024,,,,
VW,SANTANA,0,1,2/2/2024,,,,
BMW,320I,252,489,2/2/2024,,,,
MBENZ,CLASSE_C,43,100,2/2/2024,,,,
MBENZ,CLA200,19,68,2/2/2024,,,,
BMW,330E,42,66,2/2/2024,,,,
HONDA,ACCORD,17,56,2/2/2024,,,,
PORSCHE,PANAMERA,27,52,2/2/2024,,,,
BYD,HAN,6,25,2/2/2024,,,,
LEXUS,ES300,7,22,2/2/2024,,,,
AUDI,A4,6,15,2/2/2024,,,,
BMW,I4,7,13,2/2/2024,,,,
TOYOTA,CAMRY,5,11,2/2/2024,,,,
BMW,I5,6,6,2/2/2024,,,,
VW,SPACE_FOX,1,1,2/2/2024,,,,
AUDI,RS6_AVANT,7,13,2/2/2024,,,,
VW,QUANTUM,0,1,2/2/2024,,,,
FIAT,DOBLO,0,1,2/2/2024,,,,
GM,SPIN,755,1856,2/2/2024,,,,
CHRYSLER,PACIFICA,6,7,2/2/2024,,,,
TOYOTA,SIENNA,3,7,2/2/2024,,,,
KIA,CARNIVAL,2,2,2/2/2024,,,,
PORSCHE,911,157,237,2/2/2024,,,,
PORSCHE,BOXSTER,84,126,2/2/2024,,,,
PORSCHE,CAYMAN,30,44,2/2/2024,,,,
GM,CAMARO,16,38,2/2/2024,,,,
BMW,M3,24,32,2/2/2024,,,,
PORSCHE,TAYCAN,9,31,2/2/2024,,,,
FORD,MUSTANG,15,30,2/2/2024,,,,
BMW,M2,25,25,2/2/2024,,,,
GM,CORVETTE,8,17,2/2/2024,,,,
HYUNDAI,CRETA,4385,9283,2/2/2024,,,,
NISSAN,KICKS,3907,7981,2/2/2024,,,,
GM,TRACKER,3674,7954,2/2/2024,,,,
JEEP,COMPASS,4074,7665,2/2/2024,,,,
VW,T_CROSS,4039,7397,2/2/2024,,,,
FIAT,FASTBACK,3594,6886,2/2/2024,,,,
VW,NIVUS,3250,6788,2/2/2024,,,,
JEEP,RENEGADE,3502,6521,2/2/2024,,,,
HONDA,HR-V,3221,6051,2/2/2024,,,,
TOYOTA,COROLLA_CROSS,2878,5962,2/2/2024,,,,
FIAT,PULSE,2652,5485,2/2/2024,,,,
CAOA_CHERY,TIGGO_5X,1991,3970,2/2/2024,,,,
BYD,SONG_PLUS,1901,3421,2/2/2024,,,,
RENAULT,DUSTER,1556,3338,2/2/2024,,,,
GWM,HAVAL_H6,1127,2746,2/2/2024,,,,
TOYOTA,HILUX_SW4,1085,2478,2/2/2024,,,,
JEEP,COMMANDER,1075,2191,2/2/2024,,,,
VW,TAOS,1068,2162,2/2/2024,,,,
CAOA_CHERY,TIGGO_8,807,1681,2/2/2024,,,,
CAOA_CHERY,TIGGO_7,522,1109,2/2/2024,,,,
MITSUBISHI,ECLIPSE_CROSS,562,1065,2/2/2024,,,,
FORD,TERRITORY,545,1055,2/2/2024,,,,
HONDA,ZR-V,390,786,2/2/2024,,,,
BMW,X1,384,617,2/2/2024,,,,
VW,TIGUAN,279,564,2/2/2024,,,,
BYD,YUAN_PLUS,226,500,2/2/2024,,,,
VOLVO,XC60,166,451,2/2/2024,,,,
GM,EQUINOX,193,382,2/2/2024,,,,
FORD,BRONCO,203,360,2/2/2024,,,,
CITROEN,C4_CACTUS,154,347,2/2/2024,,,,
PEUGEOT,E2008,62,331,2/2/2024,,,,
TOYOTA,RAV4,206,325,2/2/2024,,,,
AUDI,Q3,175,318,2/2/2024,,,,
LAND_ROVER,DISCOVERY,157,291,2/2/2024,,,,
MITSUBISHI,PAJERO,135,278,2/2/2024,,,,
VOLVO,XC40,81,273,2/2/2024,,,,
AUDI,Q5,145,267,2/2/2024,,,,
CITROEN,C3_AIRCROSS,204,223,2/2/2024,,,,
KIA,SPORTAGE,88,210,2/2/2024,,,,
MBENZ,GLC,108,195,2/2/2024,,,,
FIAT,MOBI,4658,14665,3/2/2024,,,,
RENAULT,KWID,3992,13134,3/2/2024,,,,
VW,GOL,6,18,3/2/2024,,,,
FIAT,UNO,0,3,3/2/2024,,,,
VW,UP,2,2,3/2/2024,,,,
FIAT,PALIO,0,1,3/2/2024,,,,
GM,CHEVETTE,1,1,3/2/2024,,,,
VW,POLO,11943,27263,3/2/2024,,,,
FIAT,ARGO,6850,18053,3/2/2024,,,,
HYUNDAI,HB20,5288,18053,3/2/2024,,,,
GM,ONIX,7753,17766,3/2/2024,,,,
TOYOTA,YARIS_HB,2151,5995,3/2/2024,,,,
BYD,DOLPHIN,1707,5332,3/2/2024,,,,
CITROEN,C3,1637,5031,3/2/2024,,,,
PEUGEOT,208,1129,4502,3/2/2024,,,,
BYD,DOLPHIN_MINI,2469,2494,3/2/2024,,,,
HONDA,CITY_HATCH,912,2481,3/2/2024,,,,
GWM,ORA_03,608,1892,3/2/2024,,,,
RENAULT,SANDERO,396,1233,3/2/2024,,,,
GM,CRUZE_HB,34,129,3/2/2024,,,,
AUDI,A3,57,103,3/2/2024,,,,
HONDA,CIVIC_TYPE-R,4,26,3/2/2024,,,,
NISSAN,LEAF,24,25,3/2/2024,,,,
BMW,118i,11,13,3/2/2024,,,,
TOYOTA,COROLLA_GR,3,12,3/2/2024,,,,
FIAT,CRONOS,1884,6466,3/2/2024,,,,
HYUNDAI,HB20S,1221,5127,3/2/2024,,,,
RENAULT,LOGAN,140,421,3/2/2024,,,,
VW,VOYAGE,3,3,3/2/2024,,,,
FIAT,SIENA,1,1,3/2/2024,,,,
GM,PRISMA,0,1,3/2/2024,,,,
GM,ONIX_PLUS,3986,10804,3/2/2024,,,,
VW,VIRTUS,3017,7926,3/2/2024,,,,
TOYOTA,YARIS_SEDAN,1444,4565,3/2/2024,,,,
NISSAN,VERSA,1161,2987,3/2/2024,,,,
HONDA,CITY,954,2795,3/2/2024,,,,
VW,POLO_SEDAN,0,1,3/2/2024,,,,
TOYOTA,COROLLA,3166,7809,3/2/2024,,,,
BYD,SEAL,350,1415,3/2/2024,,,,
NISSAN,SENTRA,500,1162,3/2/2024,,,,
VW,JETTA,268,769,3/2/2024,,,,
GM,CRUZE_SEDAN,181,478,3/2/2024,,,,
HONDA,CIVIC,104,333,3/2/2024,,,,
AUDI,A3_SEDAN,41,119,3/2/2024,,,,
AUDI,A5,39,76,3/2/2024,,,,
MBENZ,CLA200,42,64,3/2/2024,,,,
BMW,420I,19,40,3/2/2024,,,,
CAOA_CHERY,ARRIZO_6,2,19,3/2/2024,,,,
MBENZ,CLA45,8,17,3/2/2024,,,,
BMW,218I,5,9,3/2/2024,,,,
MBENZ,CLA35,1,8,3/2/2024,,,,
JAC,E-J7,4,7,3/2/2024,,,,
HYUNDAI,IONIQ,0,3,3/2/2024,,,,
HYUNDAI,ELANTRA,0,1,3/2/2024,,,,
KIA,CERATO,1,1,3/2/2024,,,,
ROLLS_ROYCE,ROLLS_ROYCE,0,1,3/2/2024,,,,
VW,BORA,1,1,3/2/2024,,,,
VW,SANTANA,0,1,3/2/2024,,,,
BMW,320I,290,779,3/2/2024,,,,
MBENZ,CLASSE_C,171,271,3/2/2024,,,,
BMW,330E,18,84,3/2/2024,,,,
MBENZ,CLA200,8,76,3/2/2024,,,,
HONDA,ACCORD,15,71,3/2/2024,,,,
PORSCHE,PANAMERA,11,63,3/2/2024,,,,
AUDI,A4,14,29,3/2/2024,,,,
LEXUS,ES300,7,29,3/2/2024,,,,
BYD,HAN,0,25,3/2/2024,,,,
BMW,I4,6,19,3/2/2024,,,,
TOYOTA,CAMRY,3,14,3/2/2024,,,,
MBENZ,CLASSE_E,7,9,3/2/2024,,,,
FORD,BELINA,1,1,3/2/2024,,,,
VW,SPACE_FOX,0,1,3/2/2024,,,,
AUDI,RS6_AVANT,3,16,3/2/2024,,,,
VW,QUANTUM,0,1,3/2/2024,,,,
GM,BOLT,3,3,3/2/2024,,,,
FIAT,DOBLO,0,1,3/2/2024,,,,
GM,SPIN,457,2312,3/2/2024,,,,
CHRYSLER,PACIFICA,1,8,3/2/2024,,,,
TOYOTA,SIENNA,0,7,3/2/2024,,,,
KIA,CARNIVAL,0,2,3/2/2024,,,,
PORSCHE,911,159,396,3/2/2024,,,,
PORSCHE,BOXSTER,94,220,3/2/2024,,,,
PORSCHE,CAYMAN,29,73,3/2/2024,,,,
BMW,M3,28,60,3/2/2024,,,,
BMW,M2,24,49,3/2/2024,,,,
GM,CAMARO,11,49,3/2/2024,,,,
FORD,MUSTANG,14,44,3/2/2024,,,,
PORSCHE,TAYCAN,10,41,3/2/2024,,,,
GM,CORVETTE,6,23,3/2/2024,,,,
HYUNDAI,CRETA,4317,13600,3/2/2024,,,,
NISSAN,KICKS,5034,13015,3/2/2024,,,,
VW,T_CROSS,5462,12858,3/2/2024,,,,
GM,TRACKER,4711,12665,3/2/2024,,,,
JEEP,COMPASS,3971,11636,3/2/2024,,,,
FIAT,FASTBACK,3819,10704,3/2/2024,,,,
VW,NIVUS,3915,10703,3/2/2024,,,,
JEEP,RENEGADE,3881,10402,3/2/2024,,,,
HONDA,HR-V,3656,9706,3/2/2024,,,,
TOYOTA,COROLLA_CROSS,3326,9287,3/2/2024,,,,
FIAT,PULSE,3038,8523,3/2/2024,,,,
CAOA_CHERY,TIGGO_5X,2464,6434,3/2/2024,,,,
RENAULT,DUSTER,2208,5546,3/2/2024,,,,
BYD,SONG_PLUS,1450,4870,3/2/2024,,,,
GWM,HAVAL_H6,1097,3843,3/2/2024,,,,
TOYOTA,HILUX_SW4,1077,3554,3/2/2024,,,,
JEEP,COMMANDER,1026,3217,3/2/2024,,,,
VW,TAOS,930,3092,3/2/2024,,,,
CAOA_CHERY,TIGGO_7,1745,2854,3/2/2024,,,,
CAOA_CHERY,TIGGO_8,615,2296,3/2/2024,,,,
MITSUBISHI,ECLIPSE_CROSS,703,1768,3/2/2024,,,,
HONDA,ZR-V,619,1405,3/2/2024,,,,
FORD,TERRITORY,128,1183,3/2/2024,,,,
BMW,X1,502,1119,3/2/2024,,,,
CITROEN,C3_AIRCROSS,710,933,3/2/2024,,,,
VW,TIGUAN,348,912,3/2/2024,,,,
VOLVO,XC60,282,733,3/2/2024,,,,
BYD,YUAN_PLUS,224,723,3/2/2024,,,,
RENAULT,KARDIAN,616,654,3/2/2024,,,,
GM,EQUINOX,232,614,3/2/2024,,,,
FORD,BRONCO,219,579,3/2/2024,,,,
AUDI,Q3,227,545,3/2/2024,,,,
TOYOTA,RAV4,184,509,3/2/2024,,,,
CITROEN,C4_CACTUS,116,463,3/2/2024,,,,
MITSUBISHI,PAJERO,159,437,3/2/2024,,,,
LAND_ROVER,DISCOVERY,138,429,3/2/2024,,,,
AUDI,Q5,159,425,3/2/2024,,,,
PEUGEOT,2008,195,361,3/2/2024,,,,
VOLVO,XC40,84,357,3/2/2024,,,,
PEUGEOT,E2008,8,339,3/2/2024,,,,
FIAT,MOBI,5420,20085,4/2/2024,,,,
RENAULT,KWID,5185,18319,4/2/2024,,,,
VW,GOL,7,25,4/2/2024,,,,
FIAT,UNO,3,6,4/2/2024,,,,
VW,UP,1,3,4/2/2024,,,,
FIAT,PALIO,1,2,4/2/2024,,,,
GM,CHEVETTE,0,1,4/2/2024,,,,
VW,POLO,12434,39697,4/2/2024,,,,
GM,ONIX,9087,26853,4/2/2024,,,,
FIAT,ARGO,8599,26652,4/2/2024,,,,
HYUNDAI,HB20,8194,26247,4/2/2024,,,,
TOYOTA,YARIS_HB,2227,8222,4/2/2024,,,,
BYD,DOLPHIN,1619,6950,4/2/2024,,,,
CITROEN,C3,1537,6567,4/2/2024,,,,
PEUGEOT,208,1472,5974,4/2/2024,,,,
BYD,DOLPHIN_MINI,3143,5636,4/2/2024,,,,
HONDA,CITY_HATCH,1004,3485,4/2/2024,,,,
GWM,ORA_03,672,2564,4/2/2024,,,,
RENAULT,SANDERO,365,1598,4/2/2024,,,,
GM,CRUZE_HB,13,142,4/2/2024,,,,
AUDI,A3,27,130,4/2/2024,,,,
HONDA,CIVIC_TYPE-R,9,35,4/2/2024,,,,
NISSAN,LEAF,0,25,4/2/2024,,,,
BMW,118i,8,21,4/2/2024,,,,
MBENZ,CLASSE_A,12,19,4/2/2024,,,,
FIAT,CRONOS,3403,9869,4/2/2024,,,,
HYUNDAI,HB20S,2065,7192,4/2/2024,,,,
RENAULT,LOGAN,675,1096,4/2/2024,,,,
VW,VOYAGE,1,4,4/2/2024,,,,
FIAT,SIENA,1,2,4/2/2024,,,,
FORD,KA_SEDAN,1,1,4/2/2024,,,,
GM,PRISMA,0,1,4/2/2024,,,,
GM,ONIX_PLUS,7049,17852,4/2/2024,,,,
VW,VIRTUS,2456,10381,4/2/2024,,,,
TOYOTA,YARIS_SEDAN,1670,6235,4/2/2024,,,,
NISSAN,VERSA,991,3977,4/2/2024,,,,
HONDA,CITY,1004,3799,4/2/2024,,,,
VW,POLO_SEDAN,0,1,4/2/2024,,,,
TOYOTA,COROLLA,3104,10913,4/2/2024,,,,
BYD,SEAL,283,1698,4/2/2024,,,,
NISSAN,SENTRA,380,1542,4/2/2024,,,,
VW,JETTA,274,1043,4/2/2024,,,,
GM,CRUZE_SEDAN,116,594,4/2/2024,,,,
HONDA,CIVIC,145,478,4/2/2024,,,,
AUDI,A3_SEDAN,34,153,4/2/2024,,,,
MBENZ,CLA200,57,121,4/2/2024,,,,
AUDI,A5,24,100,4/2/2024,,,,
BMW,420I,10,50,4/2/2024,,,,
MBENZ,CLA45,13,30,4/2/2024,,,,
CAOA_CHERY,ARRIZO_6,3,22,4/2/2024,,,,
BMW,218I,2,11,4/2/2024,,,,
MBENZ,CLA35,1,9,4/2/2024,,,,
JAC,E-J7,2,9,4/2/2024,,,,
HYUNDAI,IONIQ,0,3,4/2/2024,,,,
VW,UP,0,3,6/2/2024,,,,
HYUNDAI,ELANTRA,0,1,4/2/2024,,,,
KIA,CERATO,0,1,4/2/2024,,,,
ROLLS_ROYCE,ROLLS_ROYCE,0,1,4/2/2024,,,,
VW,BORA,0,1,4/2/2024,,,,
VW,SANTANA,0,1,4/2/2024,,,,
BMW,320I,410,1189,4/2/2024,,,,
MBENZ,CLASSE_C,133,404,4/2/2024,,,,
PORSCHE,PANAMERA,51,114,4/2/2024,,,,
BMW,330E,15,99,4/2/2024,,,,
HONDA,ACCORD,13,84,4/2/2024,,,,
MBENZ,CLA200,3,79,4/2/2024,,,,
AUDI,A4,10,39,4/2/2024,,,,
LEXUS,ES300,8,37,4/2/2024,,,,
BYD,HAN,1,26,4/2/2024,,,,
BMW,I4,3,22,4/2/2024,,,,
TOYOTA,CAMRY,5,19,4/2/2024,,,,
BMW,I7,4,12,4/2/2024,,,,
FORD,BELINA,0,1,4/2/2024,,,,
VW,SPACE_FOX,0,1,4/2/2024,,,,
AUDI,RS6_AVANT,8,24,4/2/2024,,,,
VW,QUANTUM,0,1,4/2/2024,,,,
GM,BOLT,1,4,4/2/2024,,,,
FIAT,DOBLO,0,1,4/2/2024,,,,
GM,SPIN,2321,4633,4/2/2024,,,,
CHRYSLER,PACIFICA,1,9,4/2/2024,,,,
TOYOTA,SIENNA,2,9,4/2/2024,,,,
BYD,D1,8,8,4/2/2024,,,,
PORSCHE,911,205,601,4/2/2024,,,,
PORSCHE,BOXSTER,46,266,4/2/2024,,,,
PORSCHE,CAYMAN,28,101,4/2/2024,,,,
BMW,M3,26,86,4/2/2024,,,,
BMW,M2,32,81,4/2/2024,,,,
GM,CAMARO,9,58,4/2/2024,,,,
FORD,MUSTANG,4,48,4/2/2024,,,,
PORSCHE,TAYCAN,6,47,4/2/2024,,,,
GM,CORVETTE,10,33,4/2/2024,,,,
VW,T_CROSS,6224,19082,4/2/2024,,,,
HYUNDAI,CRETA,5335,18935,4/2/2024,,,,
GM,TRACKER,5670,18335,4/2/2024,,,,
NISSAN,KICKS,4582,17596,4/2/2024,,,,
VW,NIVUS,5259,15962,4/2/2024,,,,
JEEP,COMPASS,3914,15550,4/2/2024,,,,
JEEP,RENEGADE,4382,14784,4/2/2024,,,,
FIAT,FASTBACK,3885,14589,4/2/2024,,,,
HONDA,HR-V,4285,13991,4/2/2024,,,,
TOYOTA,COROLLA_CROSS,3754,13041,4/2/2024,,,,
FIAT,PULSE,3539,12062,4/2/2024,,,,
CAOA_CHERY,TIGGO_5X,2731,9165,4/2/2024,,,,
RENAULT,DUSTER,2070,7616,4/2/2024,,,,
BYD,SONG_PLUS,1699,6569,4/2/2024,,,,
CAOA_CHERY,TIGGO_7,3026,5880,4/2/2024,,,,
GWM,HAVAL_H6,1609,5452,4/2/2024,,,,
TOYOTA,HILUX_SW4,1561,5115,4/2/2024,,,,
JEEP,COMMANDER,1093,4310,4/2/2024,,,,
VW,TAOS,795,3887,4/2/2024,,,,
CAOA_CHERY,TIGGO_8,697,2993,4/2/2024,,,,
MITSUBISHI,ECLIPSE_CROSS,723,2491,4/2/2024,,,,
RENAULT,KARDIAN,1581,2235,4/2/2024,,,,
CITROEN,C3_AIRCROSS,1120,2053,4/2/2024,,,,
HONDA,ZR-V,544,1949,4/2/2024,,,,
FORD,TERRITORY,431,1614,4/2/2024,,,,
BMW,X1,339,1457,4/2/2024,,,,
VW,TIGUAN,349,1261,4/2/2024,,,,
VOLVO,XC60,204,937,4/2/2024,,,,
BYD,YUAN_PLUS,196,919,4/2/2024,,,,
GM,EQUINOX,233,847,4/2/2024,,,,
AUDI,Q3,215,760,4/2/2024,,,,
FORD,BRONCO,175,754,4/2/2024,,,,
TOYOTA,RAV4,215,724,4/2/2024,,,,
MITSUBISHI,PAJERO,200,637,4/2/2024,,,,
PEUGEOT,2008,245,606,4/2/2024,,,,
CITROEN,C4_CACTUS,121,584,4/2/2024,,,,
LAND_ROVER,DISCOVERY,131,560,4/2/2024,,,,
AUDI,Q5,122,547,4/2/2024,,,,
PORSCHE,MACAN,122,439,4/2/2024,,,,
GM,TRAILBLAZER,240,428,4/2/2024,,,,
FIAT,MOBI,6148,26233,5/2/2024,,,,
RENAULT,KWID,2797,21116,5/2/2024,,,,
VW,GOL,3,28,5/2/2024,,,,
FIAT,UNO,1,7,5/2/2024,,,,
VW,UP,0,3,5/2/2024,,,,
FIAT,PALIO,0,2,5/2/2024,,,,
GM,CHEVETTE,1,2,5/2/2024,,,,
GM,CELTA,1,1,5/2/2024,,,,
TOYOTA,ETIOS_HB,1,1,5/2/2024,,,,
VW,POLO,8484,48181,5/2/2024,,,,
GM,ONIX,7901,34752,5/2/2024,,,,
HYUNDAI,HB20,6691,32938,5/2/2024,,,,
FIAT,ARGO,5552,32204,5/2/2024,,,,
TOYOTA,YARIS_HB,1757,9979,5/2/2024,,,,
CITROEN,C3,1580,8146,5/2/2024,,,,
BYD,DOLPHIN,1145,8095,5/2/2024,,,,
BYD,DOLPHIN_MINI,2104,7734,5/2/2024,,,,
PEUGEOT,208,1531,7505,5/2/2024,,,,
HONDA,CITY_HATCH,957,4442,5/2/2024,,,,
GWM,ORA_03,534,3098,5/2/2024,,,,
RENAULT,SANDERO,280,1878,5/2/2024,,,,
GM,CRUZE_HB,19,161,5/2/2024,,,,
AUDI,A3,29,159,5/2/2024,,,,
HONDA,CIVIC_TYPE-R,3,38,5/2/2024,,,,
MBENZ,CLASSE_A,7,26,5/2/2024,,,,
NISSAN,LEAF,1,26,5/2/2024,,,,
BMW,118i,4,25,5/2/2024,,,,
FIAT,CRONOS,3494,13363,5/2/2024,,,,
HYUNDAI,HB20S,3130,10322,5/2/2024,,,,
RENAULT,LOGAN,85,1181,5/2/2024,,,,
VW,VOYAGE,1,5,5/2/2024,,,,
FIAT,SIENA,1,3,5/2/2024,,,,
FORD,KA_SEDAN,0,1,5/2/2024,,,,
GM,PRISMA,0,1,5/2/2024,,,,
GM,ONIX_PLUS,5517,23369,5/2/2024,,,,
VW,VIRTUS,2045,12426,5/2/2024,,,,
TOYOTA,YARIS_SEDAN,1449,7684,5/2/2024,,,,
HONDA,CITY,1058,4857,5/2/2024,,,,
NISSAN,VERSA,699,4676,5/2/2024,,,,
VW,POLO_SEDAN,0,1,5/2/2024,,,,
TOYOTA,COROLLA,2400,13313,5/2/2024,,,,
NISSAN,SENTRA,497,2039,5/2/2024,,,,
BYD,SEAL,213,1910,5/2/2024,,,,
VW,JETTA,236,1279,5/2/2024,,,,
GM,CRUZE_SEDAN,84,678,5/2/2024,,,,
HONDA,CIVIC,113,591,5/2/2024,,,,
MBENZ,CLA200,65,186,5/2/2024,,,,
AUDI,A3_SEDAN,29,182,5/2/2024,,,,
AUDI,A5,36,136,5/2/2024,,,,
BMW,420I,5,55,5/2/2024,,,,
MBENZ,CLA45,11,41,5/2/2024,,,,
CAOA_CHERY,ARRIZO_6,2,24,5/2/2024,,,,
MBENZ,CLA35,5,14,5/2/2024,,,,
BMW,218I,1,12,5/2/2024,,,,
JAC,E-J7,2,11,5/2/2024,,,,
HYUNDAI,IONIQ,0,3,5/2/2024,,,,
TESLA,MODEL_3,1,2,5/2/2024,,,,
HYUNDAI,ELANTRA,0,1,5/2/2024,,,,
KIA,CERATO,0,1,5/2/2024,,,,
ROLLS_ROYCE,ROLLS_ROYCE,0,1,5/2/2024,,,,
VW,BORA,0,1,5/2/2024,,,,
BMW,320I,470,1659,5/2/2024,,,,
MBENZ,CLASSE_C,115,519,5/2/2024,,,,
PORSCHE,PANAMERA,56,170,5/2/2024,,,,
BMW,330E,10,109,5/2/2024,,,,
HONDA,ACCORD,16,100,5/2/2024,,,,
MBENZ,CLA200,0,79,5/2/2024,,,,
AUDI,A4,21,60,5/2/2024,,,,
LEXUS,ES300,8,45,5/2/2024,,,,
BMW,I4,6,28,5/2/2024,,,,
BYD,HAN,0,26,5/2/2024,,,,
TOYOTA,CAMRY,2,21,5/2/2024,,,,
BMW,I5,4,14,5/2/2024,,,,
FORD,BELINA,0,1,5/2/2024,,,,
VW,SPACE_FOX,0,1,5/2/2024,,,,
AUDI,RS6_AVANT,3,27,5/2/2024,,,,
VW,QUANTUM,0,1,5/2/2024,,,,
GM,BOLT,10,14,5/2/2024,,,,
FIAT,DOBLO,0,1,5/2/2024,,,,
HONDA,FIT,1,1,5/2/2024,,,,
GM,SPIN,2529,7162,5/2/2024,,,,
TOYOTA,SIENNA,3,12,5/2/2024,,,,
CHRYSLER,PACIFICA,1,10,5/2/2024,,,,
BYD,D1,0,8,5/2/2024,,,,
PORSCHE,911,116,717,5/2/2024,,,,
PORSCHE,BOXSTER,47,313,5/2/2024,,,,
PORSCHE,CAYMAN,28,129,5/2/2024,,,,
BMW,M2,26,107,5/2/2024,,,,
BMW,M3,12,98,5/2/2024,,,,
FORD,MUSTANG,20,68,5/2/2024,,,,
GM,CAMARO,10,68,5/2/2024,,,,
PORSCHE,TAYCAN,14,61,5/2/2024,,,,
GM,CORVETTE,11,44,5/2/2024,,,,
VW,T_CROSS,6501,25583,5/2/2024,,,,
HYUNDAI,CRETA,5739,24673,5/2/2024,,,,
NISSAN,KICKS,5910,23505,5/2/2024,,,,
GM,TRACKER,4613,22948,5/2/2024,,,,
VW,NIVUS,4546,20507,5/2/2024,,,,
JEEP,RENEGADE,4173,18957,5/2/2024,,,,
JEEP,COMPASS,3282,18831,5/2/2024,,,,
FIAT,FASTBACK,3589,18178,5/2/2024,,,,
HONDA,HR-V,3660,17651,5/2/2024,,,,
TOYOTA,COROLLA_CROSS,4565,17606,5/2/2024,,,,
FIAT,PULSE,3084,15146,5/2/2024,,,,
CAOA_CHERY,TIGGO_5X,2446,11611,5/2/2024,,,,
RENAULT,DUSTER,1189,8804,5/2/2024,,,,
BYD,SONG_PLUS,1560,8128,5/2/2024,,,,
CAOA_CHERY,TIGGO_7,1694,7574,5/2/2024,,,,
GWM,HAVAL_H6,1438,6890,5/2/2024,,,,
TOYOTA,HILUX_SW4,1063,6177,5/2/2024,,,,
JEEP,COMMANDER,1176,5489,5/2/2024,,,,
VW,TAOS,1235,5122,5/2/2024,,,,
CAOA_CHERY,TIGGO_8,774,3767,5/2/2024,,,,
RENAULT,KARDIAN,1203,3438,5/2/2024,,,,
MITSUBISHI,ECLIPSE_CROSS,734,3225,5/2/2024,,,,
CITROEN,C3_AIRCROSS,845,2898,5/2/2024,,,,
HONDA,ZR-V,491,2439,5/2/2024,,,,
FORD,TERRITORY,435,2049,5/2/2024,,,,
BMW,X1,439,1882,5/2/2024,,,,
VW,TIGUAN,313,1574,5/2/2024,,,,
VOLVO,XC60,267,1204,5/2/2024,,,,
BYD,YUAN_PLUS,193,1112,5/2/2024,,,,
TOYOTA,RAV4,357,1081,5/2/2024,,,,
GM,EQUINOX,163,1010,5/2/2024,,,,
AUDI,Q3,179,939,5/2/2024,,,,
FORD,BRONCO,154,908,5/2/2024,,,,
MITSUBISHI,PAJERO,165,802,5/2/2024,,,,
LAND_ROVER,DISCOVERY,143,703,5/2/2024,,,,
PEUGEOT,2008,92,698,5/2/2024,,,,
GM,TRAILBLAZER,253,681,5/2/2024,,,,
CITROEN,C4_CACTUS,64,648,5/2/2024,,,,
AUDI,Q5,85,632,5/2/2024,,,,
BMW,X3,171,543,5/2/2024,,,,
FIAT,MOBI,6007,32240,6/2/2024,,,,
RENAULT,KWID,4520,25635,6/2/2024,,,,
VW,GOL,2,30,6/2/2024,,,,
FIAT,UNO,0,7,6/2/2024,,,,
GM,CHEVETTE,1,3,6/2/2024,,,,
FIAT,PALIO,0,2,6/2/2024,,,,
FORD,KA,1,1,6/2/2024,,,,
GM,CELTA,0,1,6/2/2024,,,,
VW,POLO,9683,57862,6/2/2024,,,,
GM,ONIX,8852,43603,6/2/2024,,,,
HYUNDAI,HB20,9760,42696,6/2/2024,,,,
FIAT,ARGO,7423,39624,6/2/2024,,,,
TOYOTA,YARIS_HB,2336,12314,6/2/2024,,,,
CITROEN,C3,1985,10131,6/2/2024,,,,
PEUGEOT,208,2368,9871,6/2/2024,,,,
BYD,DOLPHIN,1514,9608,6/2/2024,,,,
BYD,DOLPHIN_MINI,1318,9050,6/2/2024,,,,
HONDA,CITY_HATCH,1232,5674,6/2/2024,,,,
GWM,ORA_03,589,3687,6/2/2024,,,,
RENAULT,SANDERO,217,2095,6/2/2024,,,,
AUDI,A3,28,187,6/2/2024,,,,
GM,CRUZE_HB,12,173,6/2/2024,,,,
HONDA,CIVIC_TYPE-R,7,45,6/2/2024,,,,
MBENZ,CLASSE_A,7,33,6/2/2024,,,,
TOYOTA,COROLLA_GR,7,29,6/2/2024,,,,
BMW,118i,1,26,6/2/2024,,,,
FIAT,CRONOS,3400,16763,6/2/2024,,,,
HYUNDAI,HB20S,3759,14081,6/2/2024,,,,
RENAULT,LOGAN,312,1493,6/2/2024,,,,
VW,VOYAGE,2,7,6/2/2024,,,,
FIAT,SIENA,1,4,6/2/2024,,,,
FORD,KA_SEDAN,0,1,6/2/2024,,,,
GM,PRISMA,0,1,6/2/2024,,,,
GM,ONIX_PLUS,6538,29907,6/2/2024,,,,
VW,VIRTUS,2560,14986,6/2/2024,,,,
TOYOTA,YARIS_SEDAN,2088,9772,6/2/2024,,,,
HONDA,CITY,1343,6200,6/2/2024,,,,
NISSAN,VERSA,1275,5950,6/2/2024,,,,
GM,COBALT,1,1,6/2/2024,,,,
TOYOTA,COROLLA,3189,16502,6/2/2024,,,,
NISSAN,SENTRA,494,2532,6/2/2024,,,,
BYD,SEAL,283,2193,6/2/2024,,,,
VW,JETTA,271,1550,6/2/2024,,,,
GM,CRUZE_SEDAN,40,718,6/2/2024,,,,
HONDA,CIVIC,107,698,6/2/2024,,,,
MBENZ,CLA200,47,233,6/2/2024,,,,
AUDI,A3_SEDAN,29,211,6/2/2024,,,,
AUDI,A5,38,174,6/2/2024,,,,
BYD,KING,78,78,6/2/2024,,,,
BMW,420I,9,64,6/2/2024,,,,
MBENZ,CLA45,8,49,6/2/2024,,,,
MBENZ,CLA35,16,30,6/2/2024,,,,
CAOA_CHERY,ARRIZO_6,0,24,6/2/2024,,,,
BMW,218I,3,15,6/2/2024,,,,
JAC,E-J7,1,12,6/2/2024,,,,
TESLA,MODEL_3,2,4,6/2/2024,,,,
HYUNDAI,IONIQ,0,3,6/2/2024,,,,
HYUNDAI,ELANTRA,1,2,6/2/2024,,,,
GM,IMPALA,1,1,6/2/2024,,,,
KIA,CERATO,0,1,6/2/2024,,,,
BMW,320I,424,2083,6/2/2024,,,,
MBENZ,CLASSE_C,65,584,6/2/2024,,,,
PORSCHE,PANAMERA,28,198,6/2/2024,,,,
BMW,330E,46,155,6/2/2024,,,,
HONDA,ACCORD,15,114,6/2/2024,,,,
MBENZ,CLA200,1,80,6/2/2024,,,,
AUDI,A4,19,79,6/2/2024,,,,
LEXUS,ES300,14,59,6/2/2024,,,,
BMW,I4,11,39,6/2/2024,,,,
BYD,HAN,1,27,6/2/2024,,,,
TOYOTA,CAMRY,4,25,6/2/2024,,,,
BMW,I5,2,16,6/2/2024,,,,
FIAT,PALIO_WEEKEND,1,1,6/2/2024,,,,
FORD,BELINA,0,1,6/2/2024,,,,
VW,SPACE_FOX,0,1,6/2/2024,,,,
AUDI,RS6_AVANT,11,38,6/2/2024,,,,
VW,QUANTUM,0,1,6/2/2024,,,,
GM,BOLT,0,14,6/2/2024,,,,
FIAT,DOBLO,1,2,6/2/2024,,,,
HONDA,FIT,0,1,6/2/2024,,,,
GM,SPIN,2253,9415,6/2/2024,,,,
CHRYSLER,PACIFICA,3,13,6/2/2024,,,,
TOYOTA,SIENNA,1,13,6/2/2024,,,,
BYD,D1,0,8,6/2/2024,,,,
PORSCHE,911,92,809,6/2/2024,,,,
PORSCHE,BOXSTER,55,368,6/2/2024,,,,
PORSCHE,CAYMAN,23,152,6/2/2024,,,,
BMW,M2,20,127,6/2/2024,,,,
BMW,M3,18,116,6/2/2024,,,,
FORD,MUSTANG,23,91,6/2/2024,,,,
GM,CAMARO,9,77,6/2/2024,,,,
PORSCHE,TAYCAN,8,69,6/2/2024,,,,
GM,CORVETTE,13,57,6/2/2024,,,,
VW,T_CROSS,5936,31519,6/2/2024,,,,
HYUNDAI,CRETA,5858,30531,6/2/2024,,,,
GM,TRACKER,5918,28865,6/2/2024,,,,
NISSAN,KICKS,4677,28181,6/2/2024,,,,
VW,NIVUS,5359,25866,6/2/2024,,,,
JEEP,RENEGADE,4535,23492,6/2/2024,,,,
JEEP,COMPASS,3960,22791,6/2/2024,,,,
HONDA,HR-V,4299,21950,6/2/2024,,,,
TOYOTA,COROLLA_CROSS,4239,21844,6/2/2024,,,,
FIAT,FASTBACK,3557,21735,6/2/2024,,,,
FIAT,PULSE,2957,18103,6/2/2024,,,,
CAOA_CHERY,TIGGO_5X,2521,14131,6/2/2024,,,,
RENAULT,DUSTER,1369,10173,6/2/2024,,,,
BYD,SONG_PLUS,1911,10038,6/2/2024,,,,
CAOA_CHERY,TIGGO_7,1875,9449,6/2/2024,,,,
GWM,HAVAL_H6,2153,9043,6/2/2024,,,,
TOYOTA,HILUX_SW4,1454,7631,6/2/2024,,,,
JEEP,COMMANDER,1587,7076,6/2/2024,,,,
VW,TAOS,1891,7013,6/2/2024,,,,
RENAULT,KARDIAN,1753,5191,6/2/2024,,,,
CAOA_CHERY,TIGGO_8,564,4331,6/2/2024,,,,
MITSUBISHI,ECLIPSE_CROSS,758,3983,6/2/2024,,,,
CITROEN,C3_AIRCROSS,1014,3912,6/2/2024,,,,
HONDA,ZR-V,341,2780,6/2/2024,,,,
BMW,X1,555,2436,6/2/2024,,,,
FORD,TERRITORY,289,2338,6/2/2024,,,,
VW,TIGUAN,236,1810,6/2/2024,,,,
VOLVO,XC60,244,1448,6/2/2024,,,,
BYD,YUAN_PLUS,219,1331,6/2/2024,,,,
TOYOTA,RAV4,198,1279,6/2/2024,,,,
GM,EQUINOX,263,1273,6/2/2024,,,,
VOLVO,EX30,666,1164,6/2/2024,,,,
AUDI,Q3,212,1151,6/2/2024,,,,
FORD,BRONCO,157,1065,6/2/2024,,,,
MITSUBISHI,PAJERO,249,1051,6/2/2024,,,,
PORSCHE,CAYENNE,324,839,6/2/2024,,,,
LAND_ROVER,DISCOVERY,130,833,6/2/2024,,,,
GM,TRAILBLAZER,133,814,6/2/2024,,,,
AUDI,Q5,119,751,6/2/2024,,,,
PEUGEOT,2008,41,739,6/2/2024,,,,
FIAT,MOBI,6807,39041,7/2/2024,,,,
RENAULT,KWID,3520,29155,7/2/2024,,,,
VW,GOL,3,33,7/2/2024,,,,
FIAT,UNO,3,10,7/2/2024,,,,
VW,UP,1,4,7/2/2024,,,,
GM,CHEVETTE,0,3,7/2/2024,,,,
FIAT,PALIO,0,2,7/2/2024,,,,
FORD,KA,0,1,7/2/2024,,,,
GM,CELTA,0,1,7/2/2024,,,,
VW,POLO,12543,70405,7/2/2024,,,,
GM,ONIX,7423,51026,7/2/2024,,,,
HYUNDAI,HB20,7228,49924,7/2/2024,,,,
FIAT,ARGO,8663,48284,7/2/2024,,,,
TOYOTA,YARIS_HB,2819,15132,7/2/2024,,,,
CITROEN,C3,2111,12242,7/2/2024,,,,
PEUGEOT,208,2371,12241,7/2/2024,,,,
BYD,DOLPHIN,1467,11074,7/2/2024,,,,
BYD,DOLPHIN_MINI,1488,10536,7/2/2024,,,,
HONDA,CITY_HATCH,1590,7264,7/2/2024,,,,
GWM,ORA_03,398,4085,7/2/2024,,,,
RENAULT,SANDERO,432,2527,7/2/2024,,,,
AUDI,A3,28,215,7/2/2024,,,,
GM,CRUZE_HB,4,177,7/2/2024,,,,
HONDA,CIVIC_TYPE-R,7,52,7/2/2024,,,,
MBENZ,CLASSE_A,4,37,7/2/2024,,,,
TOYOTA,COROLLA_GR,4,33,7/2/2024,,,,
BMW,118i,2,28,7/2/2024,,,,
FIAT,CRONOS,2603,19366,7/2/2024,,,,
HYUNDAI,HB20S,3048,17129,7/2/2024,,,,
RENAULT,LOGAN,644,2137,7/2/2024,,,,
VW,VOYAGE,1,8,7/2/2024,,,,
FIAT,SIENA,2,6,7/2/2024,,,,
FORD,KA_SEDAN,0,1,7/2/2024,,,,
GM,PRISMA,0,1,7/2/2024,,,,
GM,ONIX_PLUS,4864,34771,7/2/2024,,,,
VW,VIRTUS,2906,17892,7/2/2024,,,,
TOYOTA,YARIS_SEDAN,2291,12063,7/2/2024,,,,
HONDA,CITY,1701,7901,7/2/2024,,,,
NISSAN,VERSA,1327,7277,7/2/2024,,,,
GM,COBALT,0,1,7/2/2024,,,,
TOYOTA,COROLLA,3500,20002,7/2/2024,,,,
NISSAN,SENTRA,728,3260,7/2/2024,,,,
BYD,SEAL,221,2413,7/2/2024,,,,
VW,JETTA,245,1795,7/2/2024,,,,
HONDA,CIVIC,146,844,7/2/2024,,,,
GM,CRUZE_SEDAN,27,745,7/2/2024,,,,
BYD,KING,593,671,7/2/2024,,,,
MBENZ,CLA200,62,295,7/2/2024,,,,
AUDI,A3_SEDAN,31,242,7/2/2024,,,,
AUDI,A5,35,209,7/2/2024,,,,
BMW,420I,8,72,7/2/2024,,,,
MBENZ,CLA45,3,52,7/2/2024,,,,
MBENZ,CLA35,14,44,7/2/2024,,,,
CAOA_CHERY,ARRIZO_6,1,25,7/2/2024,,,,
BMW,218I,2,17,7/2/2024,,,,
JAC,E-J7,1,13,7/2/2024,,,,
TESLA,MODEL_3,0,4,7/2/2024,,,,
HYUNDAI,IONIQ,0,3,7/2/2024,,,,
HYUNDAI,ELANTRA,0,2,7/2/2024,,,,
KIA,CERATO,1,2,7/2/2024,,,,
CITROEN,C4_PALLAS,1,1,7/2/2024,,,,
BMW,320I,332,2415,7/2/2024,,,,
MBENZ,CLASSE_C,220,804,7/2/2024,,,,
BMW,330E,68,223,7/2/2024,,,,
PORSCHE,PANAMERA,16,214,7/2/2024,,,,
HONDA,ACCORD,11,125,7/2/2024,,,,
AUDI,A4,12,91,7/2/2024,,,,
MBENZ,CLA200,1,81,7/2/2024,,,,
LEXUS,ES300,10,69,7/2/2024,,,,
BMW,I4,16,55,7/2/2024,,,,
BMW,530E,33,39,7/2/2024,,,,
BYD,HAN,4,31,7/2/2024,,,,
TOYOTA,CAMRY,0,25,7/2/2024,,,,
FIAT,PALIO_WEEKEND,0,1,7/2/2024,,,,
FORD,BELINA,0,1,7/2/2024,,,,
VW,SPACE_FOX,0,1,7/2/2024,,,,
AUDI,RS6_AVANT,7,45,7/2/2024,,,,
VW,QUANTUM,0,1,7/2/2024,,,,
GM,BOLT,0,14,7/2/2024,,,,
FIAT,DOBLO,0,2,7/2/2024,,,,
HONDA,FIT,0,1,7/2/2024,,,,
GM,SPIN,2370,11785,7/2/2024,,,,
KIA,CARNIVAL,37,40,7/2/2024,,,,
CHRYSLER,PACIFICA,1,14,7/2/2024,,,,
TOYOTA,SIENNA,1,14,7/2/2024,,,,
PORSCHE,911,185,994,7/2/2024,,,,
PORSCHE,BOXSTER,92,460,7/2/2024,,,,
FORD,MUSTANG,134,225,7/2/2024,,,,
PORSCHE,CAYMAN,40,192,7/2/2024,,,,
BMW,M2,26,153,7/2/2024,,,,
BMW,M3,20,136,7/2/2024,,,,
GM,CAMARO,9,86,7/2/2024,,,,
PORSCHE,TAYCAN,4,73,7/2/2024,,,,
GM,CORVETTE,5,62,7/2/2024,,,,
VW,T_CROSS,8185,39703,7/2/2024,,,,
HYUNDAI,CRETA,7281,37812,7/2/2024,,,,
GM,TRACKER,6391,35256,7/2/2024,,,,
NISSAN,KICKS,5819,33999,7/2/2024,,,,
VW,NIVUS,5570,31436,7/2/2024,,,,
JEEP,RENEGADE,5766,29258,7/2/2024,,,,
JEEP,COMPASS,4728,27517,7/2/2024,,,,
FIAT,FASTBACK,5651,27384,7/2/2024,,,,
TOYOTA,COROLLA_CROSS,4848,26691,7/2/2024,,,,
HONDA,HR-V,4635,26585,7/2/2024,,,,
FIAT,PULSE,3662,21763,7/2/2024,,,,
CAOA_CHERY,TIGGO_5X,1500,15631,7/2/2024,,,,
CAOA_CHERY,TIGGO_7,3471,12920,7/2/2024,,,,
BYD,SONG,2139,12176,7/2/2024,,,,
GWM,HAVAL_H6,2786,11829,7/2/2024,,,,
RENAULT,DUSTER,1369,11542,7/2/2024,,,,
TOYOTA,HILUX_SW4,1510,9141,7/2/2024,,,,
VW,TAOS,2076,9089,7/2/2024,,,,
JEEP,COMMANDER,1696,8772,7/2/2024,,,,
RENAULT,KARDIAN,2367,7558,7/2/2024,,,,
CITROEN,C3_AIRCROSS,924,4836,7/2/2024,,,,
MITSUBISHI,ECLIPSE_CROSS,837,4820,7/2/2024,,,,
CAOA_CHERY,TIGGO_8,356,4687,7/2/2024,,,,
HONDA,ZR-V,215,2995,7/2/2024,,,,
BMW,X1,415,2851,7/2/2024,,,,
FORD,TERRITORY,508,2846,7/2/2024,,,,
VW,TIGUAN,256,2066,7/2/2024,,,,
VOLVO,XC60,256,1704,7/2/2024,,,,
GM,EQUINOX,337,1610,7/2/2024,,,,
BYD,YUAN_PLUS,151,1482,7/2/2024,,,,
VOLVO,EX30,317,1481,7/2/2024,,,,
TOYOTA,RAV4,143,1422,7/2/2024,,,,
AUDI,Q3,256,1407,7/2/2024,,,,
MITSUBISHI,PAJERO,345,1396,7/2/2024,,,,
FORD,BRONCO,271,1336,7/2/2024,,,,
PORSCHE,CAYENNE,175,1014,7/2/2024,,,,
GM,TRAILBLAZER,173,987,7/2/2024,,,,
LAND_ROVER,DISCOVERY,150,983,7/2/2024,,,,
BMW,X3,151,878,7/2/2024,,,,
AUDI,Q5,89,840,7/2/2024,,,,
FIAT,MOBI,4208,4208,12/2/2023,,,,
VW,GOL,3387,3387,12/2/2023,,,,
RENAULT,KWID,3307,3307,12/2/2023,,,,
VW,FUSCA,7,7,12/2/2023,,,,
FIAT,UNO,6,6,12/2/2023,,,,
VW,UP,3,3,12/2/2023,,,,
FIAT,PALIO,1,1,12/2/2023,,,,
GM,CHEVETTE,1,1,12/2/2023,,,,
TOYOTA,ETIOS_HB,0,0,12/2/2023,,,,
GM,ONIX,7162,7162,12/2/2023,,,,
HYUNDAI,HB20,4840,4840,12/2/2023,,,,
FIAT,ARGO,4282,4282,12/2/2023,,,,
VW,POLO,2115,2115,12/2/2023,,,,
TOYOTA,YARIS_HB,2072,2072,12/2/2023,,,,
CITROEN,C3,1488,1488,12/2/2023,,,,
HONDA,CITY_HATCH,1442,1442,12/2/2023,,,,
PEUGEOT,208,1201,1201,12/2/2023,,,,
RENAULT,SANDERO,488,488,12/2/2023,,,,
MINI,COOPER,49,49,12/2/2023,,,,
JAC,E-JS1,23,23,12/2/2023,,,,
FIAT,500E,8,8,12/2/2023,,,,
NISSAN,LEAF,80,80,12/2/2023,,,,
AUDI,A3,32,32,12/2/2023,,,,
GM,CRUZE_HB,25,25,12/2/2023,,,,
BMW,I3,9,9,12/2/2023,,,,
BMW,118i,5,5,12/2/2023,,,,
MBENZ,A45_AMG,2,2,12/2/2023,,,,
FIAT,CRONOS,2481,2481,12/2/2023,,,,
VW,VOYAGE,2004,2004,12/2/2023,,,,
HYUNDAI,HB20S,1684,1684,12/2/2023,,,,
RENAULT,LOGAN,286,286,12/2/2023,,,,
FIAT,SIENA,7,7,12/2/2023,,,,
GM,CLASSIC,1,1,12/2/2023,,,,
FORD,KA_SEDAN,0,0,12/2/2023,,,,
NISSAN,VERSA,0,0,12/2/2023,,,,
GM,ONIX_PLUS,6164,6164,12/2/2023,,,,
TOYOTA,YARIS_SEDAN,1099,1099,12/2/2023,,,,
HONDA,CITY,1091,1091,12/2/2023,,,,
VW,VIRTUS,490,490,12/2/2023,,,,
NISSAN,VERSA,313,313,12/2/2023,,,,
FORD,CORCEL_II,1,1,12/2/2023,,,,
TOYOTA,COROLLA,2238,2238,12/2/2023,,,,
GM,CRUZE_SEDAN,86,86,12/2/2023,,,,
CAOA_CHERY,ARRIZO_6,61,61,12/2/2023,,,,
AUDI,A3_SEDAN,46,46,12/2/2023,,,,
AUDI,A5,44,44,12/2/2023,,,,
HONDA,CIVIC,42,42,12/2/2023,,,,
BMW,420I,16,16,12/2/2023,,,,
MBENZ,CLA45,16,16,12/2/2023,,,,
VW,JETTA,15,15,12/2/2023,,,,
BMW,218I,9,9,12/2/2023,,,,
MBENZ,CLA35,8,8,12/2/2023,,,,
KIA,CERATO,5,5,12/2/2023,,,,
NISSAN,SENTRA,5,5,12/2/2023,,,,
JAC,E-J7,4,4,12/2/2023,,,,
BMW,M440I,0,0,12/2/2023,,,,
GM,IMPALA,0,0,12/2/2023,,,,
MBENZ,CLASSE_A,0,0,12/2/2023,,,,
BMW,320I,254,254,12/2/2023,,,,
MBENZ,CLASSE_C,108,108,12/2/2023,,,,
BMW,330E,77,77,12/2/2023,,,,
AUDI,A4,28,28,12/2/2023,,,,
MBENZ,CLA250,27,27,12/2/2023,,,,
PORSCHE,PANAMERA,20,20,12/2/2023,,,,
BYD,HAN,17,17,12/2/2023,,,,
BMW,I4,11,11,12/2/2023,,,,
BMW,530E,4,4,12/2/2023,,,,
TOYOTA,CAMRY,4,4,12/2/2023,,,,
TESLA,MODEL_3,4,4,12/2/2023,,,,
LEXUS,ES300,3,3,12/2/2023,,,,
VW,SPACE_FOX,1,1,12/2/2023,,,,
AUDI,RS6_AVANT,1,1,12/2/2023,,,,
GM,BOLT,4,4,12/2/2023,,,,
GM,SPIN,1415,1415,12/2/2023,,,,
KIA,CARNIVAL,10,10,12/2/2023,,,,
CHRYSLER,GCARAVAN,1,1,12/2/2023,,,,
BYD,D1,1,1,12/2/2023,,,,
PORSCHE,911,79,79,12/2/2023,,,,
BMW,M3,33,33,12/2/2023,,,,
FORD,MUSTANG,26,26,12/2/2023,,,,
PORSCHE,TAYCAN,20,20,12/2/2023,,,,
JAGUAR,F-TYPE,10,10,12/2/2023,,,,
PORSCHE,CAYMAN,10,10,12/2/2023,,,,
GM,CORVETTE,6,6,12/2/2023,,,,
GM,CAMARO,4,4,12/2/2023,,,,
FERRARI,F8_SPIDER,2,2,12/2/2023,,,,
GM,TRACKER,5296,5296,12/2/2023,,,,
HYUNDAI,CRETA,4969,4969,12/2/2023,,,,
VW,T_CROSS,4454,4454,12/2/2023,,,,
JEEP,COMPASS,4139,4139,12/2/2023,,,,
VW,NIVUS,3100,3100,12/2/2023,,,,
JEEP,RENEGADE,3049,3049,12/2/2023,,,,
FIAT,PULSE,3015,3015,12/2/2023,,,,
NISSAN,KICKS,2984,2984,12/2/2023,,,,
FIAT,FASTBACK,2707,2707,12/2/2023,,,,
TOYOTA,COROLLA_CROSS,2604,2604,12/2/2023,,,,
RENAULT,DUSTER,1495,1495,12/2/2023,,,,
JEEP,COMMANDER,1289,1289,12/2/2023,,,,
VW,TAOS,1184,1184,12/2/2023,,,,
TOYOTA,HILUX_SW4,937,937,12/2/2023,,,,
HONDA,HR-V,698,698,12/2/2023,,,,
CAOA_CHERY,TIGGO_8,588,588,12/2/2023,,,,
VOLVO,XC60,578,578,12/2/2023,,,,
CAOA_CHERY,TIGGO_7,372,372,12/2/2023,,,,
GM,EQUINOX,316,316,12/2/2023,,,,
CAOA_CHERY,TIGGO_5X,293,293,12/2/2023,,,,
CITROEN,C4_CACTUS,253,253,12/2/2023,,,,
MITSUBISHI,ECLIPSE_CROSS,215,215,12/2/2023,,,,
PEUGEOT,2008,158,158,12/2/2023,,,,
VOLVO,XC40,156,156,12/2/2023,,,,
MITSUBISHI,PAJERO,138,138,12/2/2023,,,,
BMW,X3,119,119,12/2/2023,,,,
AUDI,Q5,100,100,12/2/2023,,,,
KIA,STONIC,88,88,12/2/2023,,,,
MBENZ,CLASSE_GLA,85,85,12/2/2023,,,,
PORSCHE,MACAN,85,85,12/2/2023,,,,
KIA,SPORTAGE,80,80,12/2/2023,,,,
MBENZ,CLASSE_GLB,80,80,12/2/2023,,,,
PORSCHE,CAYENNE,80,80,12/2/2023,,,,
AUDI,Q3,79,79,12/2/2023,,,,
BYD,YUAN_PLUS,79,79,12/2/2023,,,,
BMW,X6,74,74,12/2/2023,,,,
MINI,COOPER_COUNTRYMAN,74,74,12/2/2023,,,,
GM,TRAILBLAZER,71,71,12/2/2023,,,,
BMW,X5,69,69,12/2/2023,,,,
MBENZ,GLE,67,67,12/2/2023,,,,
FIAT,MOBI,4074,8282,12/2/2023,,,,
RENAULT,KWID,3827,7134,12/2/2023,,,,
VW,GOL,1172,4559,12/2/2023,,,,
VW,FUSCA,6,13,12/2/2023,,,,
FIAT,UNO,4,10,12/2/2023,,,,
VW,UP,0,3,12/2/2023,,,,
FIAT,PALIO,1,2,12/2/2023,,,,
FIAT,147,1,1,12/2/2023,,,,
GM,CHEVETTE,0,1,12/2/2023,,,,
GM,ONIX,6084,13246,12/2/2023,,,,
FIAT,ARGO,4536,8817,12/2/2023,,,,
HYUNDAI,HB20,2992,7832,12/2/2023,,,,
VW,POLO,3762,5877,12/2/2023,,,,
TOYOTA,YARIS_HB,1576,3648,12/2/2023,,,,
CITROEN,C3,1313,2801,12/2/2023,,,,
HONDA,CITY_HATCH,1232,2674,12/2/2023,,,,
PEUGEOT,208,1163,2364,12/2/2023,,,,
RENAULT,SANDERO,392,880,12/2/2023,,,,
MINI,COOPER,38,87,12/2/2023,,,,
JAC,E-JS1,29,52,12/2/2023,,,,
FIAT,500E,9,17,12/2/2023,,,,
NISSAN,LEAF,6,86,12/2/2023,,,,
AUDI,A3,26,58,12/2/2023,,,,
GM,CRUZE_HB,20,45,12/2/2023,,,,
BMW,I3,1,10,12/2/2023,,,,
MBENZ,CLASSE_A,4,6,12/2/2023,,,,
BMW,118i,0,5,12/2/2023,,,,
FIAT,CRONOS,1653,4134,12/2/2023,,,,
HYUNDAI,HB20S,1098,2782,12/2/2023,,,,
VW,VOYAGE,57,2061,12/2/2023,,,,
RENAULT,LOGAN,54,340,12/2/2023,,,,
FIAT,SIENA,2,9,12/2/2023,,,,
GM,CLASSIC,0,1,12/2/2023,,,,
GM,ONIX_PLUS,5125,11289,12/2/2023,,,,
HONDA,CITY,1084,2175,12/2/2023,,,,
TOYOTA,YARIS_SEDAN,773,1872,12/2/2023,,,,
VW,VIRTUS,614,1104,12/2/2023,,,,
NISSAN,VERSA,370,683,12/2/2023,,,,
FORD,CORCEL_II,1,2,12/2/2023,,,,
TOYOTA,COROLLA,2847,5085,12/2/2023,,,,
HONDA,CIVIC,157,199,12/2/2023,,,,
GM,CRUZE_SEDAN,49,135,12/2/2023,,,,
CAOA_CHERY,ARRIZO_6,47,108,12/2/2023,,,,
AUDI,A5,47,91,12/2/2023,,,,
AUDI,A3_SEDAN,30,76,12/2/2023,,,,
VW,JETTA,53,68,12/2/2023,,,,
MBENZ,CLA45,13,29,12/2/2023,,,,
BMW,420I,10,26,12/2/2023,,,,
BMW,218I,13,22,12/2/2023,,,,
JAC,E-J7,10,14,12/2/2023,,,,
MBENZ,CLA35,5,13,12/2/2023,,,,
KIA,CERATO,2,7,12/2/2023,,,,
NISSAN,SENTRA,1,6,12/2/2023,,,,
HYUNDAI,IONIQ,1,1,12/2/2023,,,,
VW,SANTANA,1,1,12/2/2023,,,,
BMW,320I,330,584,12/2/2023,,,,
MBENZ,CLASSE_C,81,189,12/2/2023,,,,
BMW,330E,71,148,12/2/2023,,,,
MBENZ,CLA250,40,67,12/2/2023,,,,
AUDI,A4,29,57,12/2/2023,,,,
PORSCHE,PANAMERA,12,32,12/2/2023,,,,
BYD,HAN,6,23,12/2/2023,,,,
BMW,I4,8,19,12/2/2023,,,,
LEXUS,ES300,3,6,12/2/2023,,,,
TOYOTA,CAMRY,2,6,12/2/2023,,,,
BMW,530E,1,5,12/2/2023,,,,
MBENZ,CLASSE_E,3,5,12/2/2023,,,,
VW,PARATI,1,1,12/2/2023,,,,
VW,SPACE_FOX,0,1,12/2/2023,,,,
AUDI,RS6_AVANT,2,3,12/2/2023,,,,
GM,BOLT,4,8,12/2/2023,,,,
FIAT,DOBLO,1,1,12/2/2023,,,,
GM,SPIN,1309,2724,12/2/2023,,,,
KIA,CARNIVAL,5,15,12/2/2023,,,,
BYD,D1,8,9,12/2/2023,,,,
TOYOTA,SIENNA,3,3,12/2/2023,,,,
PORSCHE,911,69,148,12/2/2023,,,,
BMW,M3,31,64,12/2/2023,,,,
FORD,MUSTANG,36,62,12/2/2023,,,,
PORSCHE,TAYCAN,26,46,12/2/2023,,,,
JAGUAR,F-TYPE,7,17,12/2/2023,,,,
PORSCHE,CAYMAN,3,13,12/2/2023,,,,
GM,CORVETTE,4,10,12/2/2023,,,,
GM,CAMARO,2,6,12/2/2023,,,,
DODGE,CHALLENGER,4,5,12/2/2023,,,,
HYUNDAI,CRETA,4606,9575,12/2/2023,,,,
GM,TRACKER,3769,9065,12/2/2023,,,,
VW,T_CROSS,4294,8748,12/2/2023,,,,
JEEP,COMPASS,4430,8569,12/2/2023,,,,
NISSAN,KICKS,3495,6479,12/2/2023,,,,
JEEP,RENEGADE,3019,6068,12/2/2023,,,,
TOYOTA,COROLLA_CROSS,3335,5939,12/2/2023,,,,
VW,NIVUS,2774,5874,12/2/2023,,,,
FIAT,PULSE,2761,5776,12/2/2023,,,,
FIAT,FASTBACK,2393,5100,12/2/2023,,,,
RENAULT,DUSTER,2152,3647,12/2/2023,,,,
JEEP,COMMANDER,1577,2866,12/2/2023,,,,
HONDA,HR-V,1709,2407,12/2/2023,,,,
VW,TAOS,995,2179,12/2/2023,,,,
TOYOTA,HILUX_SW4,915,1852,12/2/2023,,,,
CAOA_CHERY,TIGGO_8,577,1165,12/2/2023,,,,
VOLVO,XC60,198,775,12/2/2023,,,,
CAOA_CHERY,TIGGO_7,375,747,12/2/2023,,,,
CAOA_CHERY,TIGGO_5X,293,586,12/2/2023,,,,
GM,EQUINOX,269,585,12/2/2023,,,,
CITROEN,C4_CACTUS,289,542,12/2/2023,,,,
MITSUBISHI,ECLIPSE_CROSS,234,449,12/2/2023,,,,
VOLVO,XC40,180,336,12/2/2023,,,,
MITSUBISHI,PAJERO,124,262,12/2/2023,,,,
PEUGEOT,2008,91,249,12/2/2023,,,,
AUDI,Q5,124,224,12/2/2023,,,,
AUDI,Q3,119,198,12/2/2023,,,,
PORSCHE,CAYENNE,109,189,12/2/2023,,,,
BYD,SONG_PLUS,145,178,12/2/2023,,,,
PORSCHE,MACAN,92,177,12/2/2023,,,,
BMW,X3,53,172,12/2/2023,,,,
SUZUKI,JIMNY_SIERRA,99,165,12/2/2023,,,,
KIA,STONIC,68,156,12/2/2023,,,,
MBENZ,CLASSE_GLB,74,154,12/2/2023,,,,
GM,TRAILBLAZER,80,151,12/2/2023,,,,
MBENZ,CLASSE_GLA,65,150,12/2/2023,,,,
KIA,SPORTAGE,69,149,12/2/2023,,,,
BMW,X6,72,146,12/2/2023,,,,
VOLVO,XC90,86,143,12/2/2023,,,,
BYD,YUAN_PLUS,64,143,12/2/2023,,,,
FIAT,MOBI,6384,14666,12/2/2023,,,,
RENAULT,KWID,6704,13838,12/2/2023,,,,
VW,GOL,741,5300,12/2/2023,,,,
VW,FUSCA,15,28,12/2/2023,,,,
FIAT,UNO,3,13,12/2/2023,,,,
VW,UP,0,3,12/2/2023,,,,
FIAT,PALIO,0,2,12/2/2023,,,,
FIAT,147,0,1,12/2/2023,,,,
GM,CHEVETTE,0,1,12/2/2023,,,,
GM,ONIX,8283,21528,12/2/2023,,,,
HYUNDAI,HB20,8363,16194,12/2/2023,,,,
FIAT,ARGO,6171,14988,12/2/2023,,,,
VW,POLO,8197,14074,12/2/2023,,,,
TOYOTA,YARIS_HB,2016,5664,12/2/2023,,,,
CITROEN,C3,2035,4836,12/2/2023,,,,
PEUGEOT,208,2101,4464,12/2/2023,,,,
HONDA,CITY_HATCH,1340,4014,12/2/2023,,,,
RENAULT,SANDERO,658,1538,12/2/2023,,,,
MINI,COOPER,82,169,12/2/2023,,,,
JAC,E-JS1,39,91,12/2/2023,,,,
FIAT,500E,7,24,12/2/2023,,,,
NISSAN,LEAF,8,94,12/2/2023,,,,
GM,CRUZE_HB,40,85,12/2/2023,,,,
AUDI,A3,20,78,12/2/2023,,,,
MBENZ,CLASSE_A,9,15,12/2/2023,,,,
BMW,I3,0,10,12/2/2023,,,,
BMW,118i,0,5,12/2/2023,,,,
FIAT,CRONOS,3442,7576,12/2/2023,,,,
HYUNDAI,HB20S,2025,4807,12/2/2023,,,,
VW,VOYAGE,1,2062,12/2/2023,,,,
RENAULT,LOGAN,240,580,12/2/2023,,,,
FIAT,SIENA,3,12,12/2/2023,,,,
TOYOTA,ETIOS_SEDAN,2,2,12/2/2023,,,,
FORD,FIESTA_SEDAN,1,1,12/2/2023,,,,
FORD,KA_SEDAN,1,1,12/2/2023,,,,
GM,CLASSIC,0,1,12/2/2023,,,,
GM,CORSA_SEDAN,1,1,12/2/2023,,,,
GM,ONIX_PLUS,7104,18392,12/2/2023,,,,
HONDA,CITY,1249,3424,12/2/2023,,,,
TOYOTA,YARIS_SEDAN,932,2804,12/2/2023,,,,
VW,VIRTUS,1562,2666,12/2/2023,,,,
NISSAN,VERSA,741,1424,12/2/2023,,,,
FORD,CORCEL,4,4,12/2/2023,,,,
TOYOTA,COROLLA,3865,8950,12/2/2023,,,,
NISSAN,SENTRA,453,459,12/2/2023,,,,
HONDA,CIVIC,76,275,12/2/2023,,,,
GM,CRUZE_SEDAN,83,218,12/2/2023,,,,
VW,JETTA,145,213,12/2/2023,,,,
CAOA_CHERY,ARRIZO_6,61,169,12/2/2023,,,,
AUDI,A5,48,139,12/2/2023,,,,
AUDI,A3_SEDAN,41,117,12/2/2023,,,,
MBENZ,CLA45,15,44,12/2/2023,,,,
BMW,218I,7,29,12/2/2023,,,,
BMW,420I,3,29,12/2/2023,,,,
MBENZ,CLA35,9,22,12/2/2023,,,,
JAC,E-J7,0,14,12/2/2023,,,,
KIA,CERATO,2,9,12/2/2023,,,,
HYUNDAI,IONIQ,0,1,12/2/2023,,,,
MBENZ,CLASSE_A,1,1,12/2/2023,,,,
RENAULT,FLUENCE,1,1,12/2/2023,,,,
TOYOTA,PRIUS,0,1,12/2/2023,,,,
VW,SANTANA,0,1,12/2/2023,,,,
BMW,320I,551,1135,12/2/2023,,,,
BMW,330E,120,268,12/2/2023,,,,
MBENZ,CLASSE_C,36,225,12/2/2023,,,,
AUDI,A4,73,130,12/2/2023,,,,
MBENZ,CLA250,56,123,12/2/2023,,,,
PORSCHE,PANAMERA,44,76,12/2/2023,,,,
BYD,HAN,12,35,12/2/2023,,,,
BMW,I4,4,23,12/2/2023,,,,
LEXUS,ES300,12,18,12/2/2023,,,,
TOYOTA,CAMRY,9,16,12/2/2023,,,,
AUDI,E_TRON_GT,7,10,12/2/2023,,,,
BMW,530E,2,7,12/2/2023,,,,
VW,PARATI,1,2,12/2/2023,,,,
VW,SPACE_FOX,0,1,12/2/2023,,,,
AUDI,RS6_AVANT,0,3,12/2/2023,,,,
GM,CARAVAN,1,1,12/2/2023,,,,
VW,QUANTUM,1,1,12/2/2023,,,,
GM,BOLT,14,22,12/2/2023,,,,
FIAT,DOBLO,1,2,12/2/2023,,,,
GM,SPIN,1781,4505,12/2/2023,,,,
KIA,CARNIVAL,6,22,12/2/2023,,,,
BYD,D1,3,12,12/2/2023,,,,
TOYOTA,SIENNA,0,3,12/2/2023,,,,
PORSCHE,911,92,240,12/2/2023,,,,
BMW,M3,47,111,12/2/2023,,,,
FORD,MUSTANG,39,101,12/2/2023,,,,
PORSCHE,TAYCAN,24,70,12/2/2023,,,,
JAGUAR,F-TYPE,7,24,12/2/2023,,,,
PORSCHE,BOXSTER,21,23,12/2/2023,,,,
PORSCHE,CAYMAN,8,21,12/2/2023,,,,
GM,CORVETTE,3,13,12/2/2023,,,,
DODGE,CHALLENGER,4,9,12/2/2023,,,,
JEEP,COMPASS,6988,15556,12/2/2023,,,,
HYUNDAI,CRETA,5851,15424,12/2/2023,,,,
GM,TRACKER,5431,14496,12/2/2023,,,,
VW,T_CROSS,5420,14168,12/2/2023,,,,
NISSAN,KICKS,4844,11322,12/2/2023,,,,
JEEP,RENEGADE,4674,10742,12/2/2023,,,,
TOYOTA,COROLLA_CROSS,4511,10449,12/2/2023,,,,
FIAT,PULSE,4276,10050,12/2/2023,,,,
VW,NIVUS,3210,9084,12/2/2023,,,,
FIAT,FASTBACK,3605,8705,12/2/2023,,,,
HONDA,HR-V,4063,6470,12/2/2023,,,,
RENAULT,DUSTER,2031,5678,12/2/2023,,,,
JEEP,COMMANDER,2522,5386,12/2/2023,,,,
TOYOTA,HILUX_SW4,1412,3264,12/2/2023,,,,
VW,TAOS,855,3034,12/2/2023,,,,
CAOA_CHERY,TIGGO_8,653,1818,12/2/2023,,,,
VOLVO,XC60,504,1279,12/2/2023,,,,
CAOA_CHERY,TIGGO_7,475,1222,12/2/2023,,,,
CITROEN,C4_CACTUS,564,1106,12/2/2023,,,,
CAOA_CHERY,TIGGO_5X,479,1065,12/2/2023,,,,
GM,EQUINOX,342,927,12/2/2023,,,,
MITSUBISHI,ECLIPSE_CROSS,258,707,12/2/2023,,,,
VOLVO,XC40,117,453,12/2/2023,,,,
PEUGEOT,2008,182,431,12/2/2023,,,,
AUDI,Q5,201,425,12/2/2023,,,,
MITSUBISHI,PAJERO,155,417,12/2/2023,,,,
PORSCHE,MACAN,228,405,12/2/2023,,,,
PORSCHE,CAYENNE,195,384,12/2/2023,,,,
BYD,SONG_PLUS,205,383,12/2/2023,,,,
GM,TRAILBLAZER,210,361,12/2/2023,,,,
AUDI,Q3,150,348,12/2/2023,,,,
LAND_ROVER,DISCOVERY,202,312,12/2/2023,,,,
MBENZ,CLASSE_GLB,147,301,12/2/2023,,,,
BMW,X1,245,292,12/2/2023,,,,
MBENZ,CLASSE_GLA,139,289,12/2/2023,,,,
TOYOTA,RAV4,176,285,12/2/2023,,,,
FORD,TERRITORY,144,279,12/2/2023,,,,
KIA,STONIC,116,272,12/2/2023,,,,
SUZUKI,JIMNY_SIERRA,105,270,12/2/2023,,,,
VOLVO,XC90,120,263,12/2/2023,,,,
FIAT,MOBI,4686,19352,12/2/2023,,,,
RENAULT,KWID,4152,17989,12/2/2023,,,,
VW,GOL,318,5618,12/2/2023,,,,
VW,FUSCA,8,36,12/2/2023,,,,
FIAT,UNO,1,14,12/2/2023,,,,
VW,UP,0,3,12/2/2023,,,,
FIAT,PALIO,0,2,12/2/2023,,,,
GM,CHEVETTE,1,2,12/2/2023,,,,
FIAT,147,0,1,12/2/2023,,,,
GM,ONIX,7376,28902,12/2/2023,,,,
HYUNDAI,HB20,7143,23337,12/2/2023,,,,
FIAT,ARGO,5475,20463,12/2/2023,,,,
VW,POLO,6063,20137,12/2/2023,,,,
TOYOTA,YARIS_HB,1818,7482,12/2/2023,,,,
CITROEN,C3,1965,6801,12/2/2023,,,,
PEUGEOT,208,1901,6365,12/2/2023,,,,
HONDA,CITY_HATCH,867,4881,12/2/2023,,,,
RENAULT,SANDERO,419,1957,12/2/2023,,,,
MINI,COOPER,74,243,12/2/2023,,,,
JAC,E-JS1,34,125,12/2/2023,,,,
FIAT,500E,4,28,12/2/2023,,,,
GM,CRUZE_HB,41,126,12/2/2023,,,,
NISSAN,LEAF,5,99,12/2/2023,,,,
AUDI,A3,20,98,12/2/2023,,,,
MBENZ,CLASSE_A,0,15,12/2/2023,,,,
BMW,118i,5,10,12/2/2023,,,,
BMW,I3,0,10,12/2/2023,,,,
FIAT,CRONOS,3701,11277,12/2/2023,,,,
HYUNDAI,HB20S,1916,6723,12/2/2023,,,,
VW,VOYAGE,1,2063,12/2/2023,,,,
RENAULT,LOGAN,142,722,12/2/2023,,,,
FIAT,SIENA,3,15,12/2/2023,,,,
TOYOTA,ETIOS_SEDAN,0,2,12/2/2023,,,,
FORD,FIESTA_SEDAN,0,1,12/2/2023,,,,
FORD,KA_SEDAN,0,1,12/2/2023,,,,
GM,CLASSIC,0,1,12/2/2023,,,,
GM,CORSA_SEDAN,0,1,12/2/2023,,,,
GM,ONIX_PLUS,5295,23686,12/2/2023,,,,
VW,VIRTUS,2091,4757,12/2/2023,,,,
HONDA,CITY,964,4387,12/2/2023,,,,
TOYOTA,YARIS_SEDAN,891,3695,12/2/2023,,,,
NISSAN,VERSA,632,2056,12/2/2023,,,,
FORD,CORCEL,1,5,12/2/2023,,,,
TOYOTA,COROLLA,3261,12210,12/2/2023,,,,
NISSAN,SENTRA,450,909,12/2/2023,,,,
GM,CRUZE_SEDAN,117,335,12/2/2023,,,,
HONDA,CIVIC,33,308,12/2/2023,,,,
VW,JETTA,61,274,12/2/2023,,,,
CAOA_CHERY,ARRIZO_6,71,240,12/2/2023,,,,
AUDI,A5,25,164,12/2/2023,,,,
AUDI,A3_SEDAN,41,158,12/2/2023,,,,
MBENZ,CLA45,7,51,12/2/2023,,,,
BMW,420I,8,37,12/2/2023,,,,
BMW,218I,4,33,12/2/2023,,,,
MBENZ,CLA35,5,27,12/2/2023,,,,
JAC,E-J7,6,20,12/2/2023,,,,
KIA,CERATO,0,9,12/2/2023,,,,
MBENZ,CLASSE_A,4,5,12/2/2023,,,,
HYUNDAI,IONIQ,0,1,12/2/2023,,,,
RENAULT,FLUENCE,0,1,12/2/2023,,,,
TOYOTA,PRIUS,0,1,12/2/2023,,,,
VW,SANTANA,0,1,12/2/2023,,,,
BMW,320I,336,1471,12/2/2023,,,,
BMW,330E,57,325,12/2/2023,,,,
MBENZ,CLASSE_C,31,256,12/2/2023,,,,
AUDI,A4,24,154,12/2/2023,,,,
MBENZ,CLA250,20,143,12/2/2023,,,,
PORSCHE,PANAMERA,41,117,12/2/2023,,,,
BYD,HAN,6,41,12/2/2023,,,,
BMW,I4,4,27,12/2/2023,,,,
LEXUS,ES300,6,24,12/2/2023,,,,
TOYOTA,CAMRY,1,17,12/2/2023,,,,
BMW,530E,6,13,12/2/2023,,,,
AUDI,E_TRON_GT,2,12,12/2/2023,,,,
VW,PARATI,0,2,12/2/2023,,,,
VW,SPACE_FOX,0,1,12/2/2023,,,,
AUDI,RS6_AVANT,3,6,12/2/2023,,,,
GM,CARAVAN,0,1,12/2/2023,,,,
VW,QUANTUM,0,1,12/2/2023,,,,
GM,BOLT,0,22,12/2/2023,,,,
FIAT,DOBLO,0,2,12/2/2023,,,,
GM,SPIN,1084,5589,12/2/2023,,,,
KIA,CARNIVAL,0,22,12/2/2023,,,,
BYD,D1,2,14,12/2/2023,,,,
TOYOTA,SIENNA,0,3,12/2/2023,,,,
PORSCHE,911,47,287,12/2/2023,,,,
FORD,MUSTANG,44,145,12/2/2023,,,,
BMW,M3,20,131,12/2/2023,,,,
PORSCHE,TAYCAN,25,95,12/2/2023,,,,
PORSCHE,BOXSTER,45,68,12/2/2023,,,,
PORSCHE,CAYMAN,18,39,12/2/2023,,,,
JAGUAR,F-TYPE,6,30,12/2/2023,,,,
GM,CORVETTE,7,20,12/2/2023,,,,
GM,CAMARO,5,14,12/2/2023,,,,
JEEP,COMPASS,4898,20453,12/2/2023,,,,
HYUNDAI,CRETA,4660,20084,12/2/2023,,,,
VW,T_CROSS,4592,18760,12/2/2023,,,,
GM,TRACKER,4078,18574,12/2/2023,,,,
TOYOTA,COROLLA_CROSS,3946,14395,12/2/2023,,,,
NISSAN,KICKS,3055,14377,12/2/2023,,,,
JEEP,RENEGADE,3219,13960,12/2/2023,,,,
FIAT,PULSE,3504,13554,12/2/2023,,,,
VW,NIVUS,3702,12786,12/2/2023,,,,
FIAT,FASTBACK,2466,11171,12/2/2023,,,,
HONDA,HR-V,4688,11157,12/2/2023,,,,
JEEP,COMMANDER,1835,7220,12/2/2023,,,,
RENAULT,DUSTER,1377,7055,12/2/2023,,,,
TOYOTA,HILUX_SW4,1113,4376,12/2/2023,,,,
VW,TAOS,792,3825,12/2/2023,,,,
CAOA_CHERY,TIGGO_8,544,2362,12/2/2023,,,,
CAOA_CHERY,TIGGO_7,418,1640,12/2/2023,,,,
CAOA_CHERY,TIGGO_5X,516,1581,12/2/2023,,,,
CITROEN,C4_CACTUS,344,1450,12/2/2023,,,,
VOLVO,XC60,157,1436,12/2/2023,,,,
GM,EQUINOX,292,1219,12/2/2023,,,,
MITSUBISHI,ECLIPSE_CROSS,206,913,12/2/2023,,,,
BMW,X1,367,659,12/2/2023,,,,
AUDI,Q5,185,610,12/2/2023,,,,
VOLVO,XC40,140,593,12/2/2023,,,,
GM,TRAILBLAZER,231,592,12/2/2023,,,,
PEUGEOT,2008,138,569,12/2/2023,,,,
PORSCHE,MACAN,149,554,12/2/2023,,,,
PORSCHE,CAYENNE,145,529,12/2/2023,,,,
MITSUBISHI,PAJERO,108,525,12/2/2023,,,,
AUDI,Q3,125,473,12/2/2023,,,,
LAND_ROVER,DISCOVERY,119,431,12/2/2023,,,,
BYD,SONG_PLUS,39,422,12/2/2023,,,,
VOLVO,XC90,123,386,12/2/2023,,,,
MBENZ,CLASSE_GLB,81,382,12/2/2023,,,,
KIA,STONIC,96,368,12/2/2023,,,,
FORD,TERRITORY,88,367,12/2/2023,,,,
SUZUKI,JIMNY_SIERRA,83,353,12/2/2023,,,,
MBENZ,CLASSE_GLA,53,342,12/2/2023,,,,
TOYOTA,RAV4,47,332,12/2/2023,,,,
FIAT,MOBI,4196,23547,12/2/2023,,,,
RENAULT,KWID,2725,20713,12/2/2023,,,,
VW,GOL,225,5842,12/2/2023,,,,
VW,FUSCA,8,44,12/2/2023,,,,
FIAT,UNO,3,17,12/2/2023,,,,
VW,UP,1,4,12/2/2023,,,,
FIAT,PALIO,1,3,12/2/2023,,,,
GM,CHEVETTE,0,2,12/2/2023,,,,
FIAT,147,0,1,12/2/2023,,,,
GM,ONIX,6947,35849,12/2/2023,,,,
VW,POLO,7636,27773,12/2/2023,,,,
HYUNDAI,HB20,4245,27582,12/2/2023,,,,
FIAT,ARGO,4710,25173,12/2/2023,,,,
TOYOTA,YARIS_HB,2458,9940,12/2/2023,,,,
PEUGEOT,208,2463,8828,12/2/2023,,,,
CITROEN,C3,1607,8408,12/2/2023,,,,
HONDA,CITY_HATCH,968,5849,12/2/2023,,,,
RENAULT,SANDERO,598,2555,12/2/2023,,,,
MINI,COOPER,73,316,12/2/2023,,,,
JAC,E-JS1,63,188,12/2/2023,,,,
CAOA_CHERY,ICAR,11,38,12/2/2023,,,,
GM,CRUZE_HB,45,171,12/2/2023,,,,
AUDI,A3,36,134,12/2/2023,,,,
NISSAN,LEAF,6,105,12/2/2023,,,,
MBENZ,CLASSE_A,5,20,12/2/2023,,,,
BMW,118i,2,12,12/2/2023,,,,
BMW,I3,1,11,12/2/2023,,,,
FIAT,CRONOS,2950,14227,12/2/2023,,,,
HYUNDAI,HB20S,1384,8107,12/2/2023,,,,
VW,VOYAGE,4,2067,12/2/2023,,,,
RENAULT,LOGAN,171,893,12/2/2023,,,,
FIAT,SIENA,0,15,12/2/2023,,,,
TOYOTA,ETIOS_SEDAN,0,2,12/2/2023,,,,
FORD,FIESTA_SEDAN,0,1,12/2/2023,,,,
FORD,KA_SEDAN,0,1,12/2/2023,,,,
GM,CLASSIC,0,1,12/2/2023,,,,
GM,CORSA_SEDAN,0,1,12/2/2023,,,,
GM,ONIX_PLUS,5624,29310,12/2/2023,,,,
VW,VIRTUS,2744,7501,12/2/2023,,,,
HONDA,CITY,1151,5538,12/2/2023,,,,
TOYOTA,YARIS_SEDAN,1068,4763,12/2/2023,,,,
NISSAN,VERSA,673,2729,12/2/2023,,,,
FORD,CORCEL,0,5,12/2/2023,,,,
TOYOTA,COROLLA,3891,16101,12/2/2023,,,,
NISSAN,SENTRA,636,1545,12/2/2023,,,,
GM,CRUZE_SEDAN,126,461,12/2/2023,,,,
VW,JETTA,186,460,12/2/2023,,,,
HONDA,CIVIC,7,315,12/2/2023,,,,
CAOA_CHERY,ARRIZO_6,51,291,12/2/2023,,,,
AUDI,A3_SEDAN,58,216,12/2/2023,,,,
AUDI,A5,32,196,12/2/2023,,,,
MBENZ,CLA45,1,52,12/2/2023,,,,
BMW,218I,11,44,12/2/2023,,,,
BMW,420I,5,42,12/2/2023,,,,
MBENZ,CLA35,5,32,12/2/2023,,,,
JAC,E-J7,1,21,12/2/2023,,,,
HYUNDAI,IONIQ,11,12,12/2/2023,,,,
KIA,CERATO,2,11,12/2/2023,,,,
MBENZ,CLASSE_A,0,5,12/2/2023,,,,
GM,IMPALA,1,1,12/2/2023,,,,
RENAULT,FLUENCE,0,1,12/2/2023,,,,
TOYOTA,PRIUS,0,1,12/2/2023,,,,
VW,SANTANA,0,1,12/2/2023,,,,
BMW,320I,420,1891,12/2/2023,,,,
BMW,330E,24,349,12/2/2023,,,,
MBENZ,CLASSE_C,41,297,12/2/2023,,,,
AUDI,A4,36,190,12/2/2023,,,,
MBENZ,CLA250,23,166,12/2/2023,,,,
PORSCHE,PANAMERA,31,148,12/2/2023,,,,
BMW,I4,24,51,12/2/2023,,,,
BYD,HAN,8,49,12/2/2023,,,,
BMW,530E,17,30,12/2/2023,,,,
LEXUS,ES300,4,28,12/2/2023,,,,
TOYOTA,CAMRY,11,28,12/2/2023,,,,
AUDI,E_TRON_GT,5,17,12/2/2023,,,,
VW,PARATI,0,2,12/2/2023,,,,
VW,SPACE_FOX,0,1,12/2/2023,,,,
AUDI,RS6_AVANT,11,17,12/2/2023,,,,
GM,CARAVAN,0,1,12/2/2023,,,,
VW,QUANTUM,0,1,12/2/2023,,,,
GM,BOLT,12,34,12/2/2023,,,,
FIAT,DOBLO,0,2,12/2/2023,,,,
GM,SPIN,1492,7081,12/2/2023,,,,
KIA,CARNIVAL,1,23,12/2/2023,,,,
BYD,D1,0,14,12/2/2023,,,,
TOYOTA,SIENNA,0,3,12/2/2023,,,,
PORSCHE,911,58,345,12/2/2023,,,,
FORD,MUSTANG,39,184,12/2/2023,,,,
BMW,M3,18,149,12/2/2023,,,,
PORSCHE,TAYCAN,23,118,12/2/2023,,,,
PORSCHE,BOXSTER,32,100,12/2/2023,,,,
PORSCHE,CAYMAN,12,51,12/2/2023,,,,
JAGUAR,F-TYPE,7,37,12/2/2023,,,,
GM,CORVETTE,8,28,12/2/2023,,,,
MCLAREN,ARTURA,10,18,12/2/2023,,,,
JEEP,COMPASS,5560,26012,12/2/2023,,,,
HYUNDAI,CRETA,5268,25352,12/2/2023,,,,
VW,T_CROSS,6012,24771,12/2/2023,,,,
GM,TRACKER,5436,24010,12/2/2023,,,,
NISSAN,KICKS,4212,18589,12/2/2023,,,,
JEEP,RENEGADE,4279,18238,12/2/2023,,,,
TOYOTA,COROLLA_CROSS,3731,18126,12/2/2023,,,,
VW,NIVUS,4340,17126,12/2/2023,,,,
FIAT,PULSE,3490,17044,12/2/2023,,,,
HONDA,HR-V,4578,15735,12/2/2023,,,,
FIAT,FASTBACK,2943,14114,12/2/2023,,,,
RENAULT,DUSTER,2231,9286,12/2/2023,,,,
JEEP,COMMANDER,1955,9174,12/2/2023,,,,
TOYOTA,HILUX_SW4,1238,5613,12/2/2023,,,,
VW,TAOS,1535,5360,12/2/2023,,,,
CAOA_CHERY,TIGGO_8,675,3037,12/2/2023,,,,
CAOA_CHERY,TIGGO_5X,644,2225,12/2/2023,,,,
CAOA_CHERY,TIGGO_7,582,2222,12/2/2023,,,,
VOLVO,XC60,380,1816,12/2/2023,,,,
CITROEN,C4_CACTUS,238,1688,12/2/2023,,,,
GM,EQUINOX,349,1568,12/2/2023,,,,
GWM,HAVAL_H6,960,1193,12/2/2023,,,,
BMW,X1,509,1168,12/2/2023,,,,
MITSUBISHI,ECLIPSE_CROSS,211,1124,12/2/2023,,,,
GM,TRAILBLAZER,200,792,12/2/2023,,,,
VOLVO,XC40,191,784,12/2/2023,,,,
PORSCHE,CAYENNE,253,782,12/2/2023,,,,
AUDI,Q5,147,757,12/2/2023,,,,
BYD,SONG_PLUS,322,744,12/2/2023,,,,
PEUGEOT,2008,147,716,12/2/2023,,,,
PORSCHE,MACAN,112,666,12/2/2023,,,,
MITSUBISHI,PAJERO,118,643,12/2/2023,,,,
AUDI,Q3,100,573,12/2/2023,,,,
LAND_ROVER,DISCOVERY,138,569,12/2/2023,,,,
VOLVO,XC90,114,500,12/2/2023,,,,
FORD,TERRITORY,107,474,12/2/2023,,,,
MBENZ,CLASSE_GLB,92,474,12/2/2023,,,,
KIA,STONIC,92,460,12/2/2023,,,,
KIA,SPORTAGE,108,420,12/2/2023,,,,
LAND_ROVER,RANGE_ROVER,146,414,12/2/2023,,,,
FIAT,MOBI,6895,30442,12/2/2023,,,,
RENAULT,KWID,5933,26646,12/2/2023,,,,
VW,GOL,89,5931,12/2/2023,,,,
VW,FUSCA,2,46,12/2/2023,,,,
FIAT,UNO,3,20,12/2/2023,,,,
FIAT,PALIO,1,4,12/2/2023,,,,
VW,UP,0,4,12/2/2023,,,,
GM,CHEVETTE,0,2,12/2/2023,,,,
FIAT,147,0,1,12/2/2023,,,,
GM,ONIX,8261,44110,12/2/2023,,,,
VW,POLO,9949,37722,12/2/2023,,,,
HYUNDAI,HB20,6420,34002,12/2/2023,,,,
FIAT,ARGO,6747,31920,12/2/2023,,,,
TOYOTA,YARIS_HB,1940,11880,12/2/2023,,,,
PEUGEOT,208,2718,11546,12/2/2023,,,,
CITROEN,C3,2930,11338,12/2/2023,,,,
HONDA,CITY_HATCH,791,6640,12/2/2023,,,,
RENAULT,SANDERO,1004,3559,12/2/2023,,,,
MINI,COOPER,50,366,12/2/2023,,,,
JAC,E-JS1,33,221,12/2/2023,,,,
CAOA_CHERY,ICAR,12,50,12/2/2023,,,,
GM,CRUZE_HB,34,205,12/2/2023,,,,
AUDI,A3,42,176,12/2/2023,,,,
NISSAN,LEAF,56,161,12/2/2023,,,,
MBENZ,CLASSE_A,5,25,12/2/2023,,,,
BMW,118i,4,16,12/2/2023,,,,
BMW,I3,1,12,12/2/2023,,,,
FIAT,CRONOS,4969,19195,12/2/2023,,,,
HYUNDAI,HB20S,1393,9499,12/2/2023,,,,
VW,VOYAGE,1,2068,12/2/2023,,,,
RENAULT,LOGAN,473,1366,12/2/2023,,,,
FIAT,SIENA,0,15,12/2/2023,,,,
GM,PRISMA,1,2,12/2/2023,,,,
TOYOTA,ETIOS_SEDAN,0,2,12/2/2023,,,,
FORD,FIESTA_SEDAN,0,1,12/2/2023,,,,
FORD,KA_SEDAN,0,1,12/2/2023,,,,
GM,CLASSIC,0,1,12/2/2023,,,,
GM,ONIX_PLUS,6419,35726,12/2/2023,,,,
VW,VIRTUS,2188,9689,12/2/2023,,,,
HONDA,CITY,1060,6597,12/2/2023,,,,
TOYOTA,YARIS_SEDAN,1294,6057,12/2/2023,,,,
NISSAN,VERSA,842,3571,12/2/2023,,,,
FORD,CORCEL,1,6,12/2/2023,,,,
TOYOTA,COROLLA,3751,19852,12/2/2023,,,,
NISSAN,SENTRA,408,1953,12/2/2023,,,,
VW,JETTA,184,644,12/2/2023,,,,
GM,CRUZE_SEDAN,101,562,12/2/2023,,,,
CAOA_CHERY,ARRIZO_6,41,332,12/2/2023,,,,
AUDI,A3_SEDAN,106,322,12/2/2023,,,,
HONDA,CIVIC,5,320,12/2/2023,,,,
AUDI,A5,43,239,12/2/2023,,,,
JAC,E-J7,44,65,12/2/2023,,,,
MBENZ,CLA45,8,60,12/2/2023,,,,
BMW,218I,6,50,12/2/2023,,,,
BMW,420I,7,49,12/2/2023,,,,
MBENZ,CLA35,6,38,12/2/2023,,,,
HYUNDAI,IONIQ,4,16,12/2/2023,,,,
KIA,CERATO,3,14,12/2/2023,,,,
MBENZ,CLASSE_A,0,5,12/2/2023,,,,
GM,IMPALA,0,1,12/2/2023,,,,
RENAULT,FLUENCE,0,1,12/2/2023,,,,
TOYOTA,PRIUS,0,1,12/2/2023,,,,
VW,SANTANA,0,1,12/2/2023,,,,
BMW,320I,402,2293,12/2/2023,,,,
BMW,330E,7,356,12/2/2023,,,,
MBENZ,CLASSE_C,9,306,12/2/2023,,,,
AUDI,A4,31,221,12/2/2023,,,,
MBENZ,CLA250,19,185,12/2/2023,,,,
PORSCHE,PANAMERA,27,175,12/2/2023,,,,
BMW,I4,21,72,12/2/2023,,,,
BYD,HAN,5,54,12/2/2023,,,,
BMW,530E,15,45,12/2/2023,,,,
LEXUS,ES300,9,37,12/2/2023,,,,
TOYOTA,CAMRY,2,30,12/2/2023,,,,
AUDI,E_TRON_GT,2,19,12/2/2023,,,,
VW,PARATI,0,2,12/2/2023,,,,
VW,SPACE_FOX,0,1,12/2/2023,,,,
AUDI,RS6_AVANT,3,20,12/2/2023,,,,
GM,CARAVAN,0,1,12/2/2023,,,,
VW,QUANTUM,0,1,12/2/2023,,,,
GM,BOLT,0,20,12/2/2023,,,,
FIAT,DOBLO,1,3,12/2/2023,,,,
NISSAN,LIVINA,1,1,12/2/2023,,,,
GM,SPIN,1510,8591,12/2/2023,,,,
KIA,CARNIVAL,0,23,12/2/2023,,,,
BYD,D1,6,20,12/2/2023,,,,
CHRYSLER,PACIFICA,4,5,12/2/2023,,,,
PORSCHE,911,67,412,12/2/2023,,,,
FORD,MUSTANG,34,218,12/2/2023,,,,
BMW,M3,19,168,12/2/2023,,,,
PORSCHE,TAYCAN,26,144,12/2/2023,,,,
PORSCHE,BOXSTER,13,113,12/2/2023,,,,
PORSCHE,CAYMAN,15,66,12/2/2023,,,,
JAGUAR,F-TYPE,4,41,12/2/2023,,,,
GM,CORVETTE,5,33,12/2/2023,,,,
MCLAREN,ARTURA,10,28,12/2/2023,,,,
VW,T_CROSS,7264,32035,12/2/2023,,,,
JEEP,COMPASS,4338,30350,12/2/2023,,,,
HYUNDAI,CRETA,4597,29948,12/2/2023,,,,
GM,TRACKER,4957,28964,12/2/2023,,,,
JEEP,RENEGADE,4084,22322,12/2/2023,,,,
NISSAN,KICKS,3473,22062,12/2/2023,,,,
TOYOTA,COROLLA_CROSS,3357,21483,12/2/2023,,,,
FIAT,PULSE,4401,21444,12/2/2023,,,,
VW,NIVUS,3751,20877,12/2/2023,,,,
HONDA,HR-V,4810,20544,12/2/2023,,,,
FIAT,FASTBACK,3384,17497,12/2/2023,,,,
RENAULT,DUSTER,1488,10773,12/2/2023,,,,
JEEP,COMMANDER,1338,10511,12/2/2023,,,,
TOYOTA,HILUX_SW4,1258,6871,12/2/2023,,,,
VW,TAOS,1069,6429,12/2/2023,,,,
CAOA_CHERY,TIGGO_5X,1571,3797,12/2/2023,,,,
CAOA_CHERY,TIGGO_8,677,3714,12/2/2023,,,,
CAOA_CHERY,TIGGO_7,457,2679,12/2/2023,,,,
VOLVO,XC60,392,2208,12/2/2023,,,,
GWM,HAVAL_H6,969,2162,12/2/2023,,,,
GM,EQUINOX,325,1893,12/2/2023,,,,
CITROEN,C4_CACTUS,143,1831,12/2/2023,,,,
BMW,X1,433,1601,12/2/2023,,,,
MITSUBISHI,ECLIPSE_CROSS,294,1418,12/2/2023,,,,
BYD,SONG_PLUS,353,1096,12/2/2023,,,,
PORSCHE,CAYENNE,208,990,12/2/2023,,,,
AUDI,Q5,217,974,12/2/2023,,,,
VOLVO,XC40,119,903,12/2/2023,,,,
PEUGEOT,2008,167,882,12/2/2023,,,,
GM,TRAILBLAZER,84,876,12/2/2023,,,,
MITSUBISHI,PAJERO,214,857,12/2/2023,,,,
PORSCHE,MACAN,86,752,12/2/2023,,,,
AUDI,Q3,124,697,12/2/2023,,,,
LAND_ROVER,DISCOVERY,126,695,12/2/2023,,,,
VOLVO,XC90,88,588,12/2/2023,,,,
FORD,TERRITORY,104,577,12/2/2023,,,,
MBENZ,CLASSE_GLB,85,559,12/2/2023,,,,
LAND_ROVER,DEFENDER,125,524,12/2/2023,,,,
KIA,STONIC,61,521,12/2/2023,,,,
LAND_ROVER,RANGE_ROVER,100,514,12/2/2023,,,,
FIAT,MOBI,8582,39024,12/2/2023,,,,
RENAULT,KWID,6602,33248,12/2/2023,,,,
VW,GOL,122,6053,12/2/2023,,,,
VW,FUSCA,5,51,12/2/2023,,,,
FIAT,UNO,4,24,12/2/2023,,,,
FIAT,PALIO,1,5,12/2/2023,,,,
VW,UP,0,4,12/2/2023,,,,
GM,CHEVETTE,1,3,12/2/2023,,,,
FIAT,147,0,1,12/2/2023,,,,
GM,ONIX,10260,54370,12/2/2023,,,,
VW,POLO,16471,54193,12/2/2023,,,,
HYUNDAI,HB20,12126,46128,12/2/2023,,,,
FIAT,ARGO,7159,39079,12/2/2023,,,,
PEUGEOT,208,3104,14650,12/2/2023,,,,
CITROEN,C3,3030,14368,12/2/2023,,,,
TOYOTA,YARIS_HB,1609,13489,12/2/2023,,,,
HONDA,CITY_HATCH,673,7313,12/2/2023,,,,
RENAULT,SANDERO,1348,4907,12/2/2023,,,,
MINI,COOPER,58,424,12/2/2023,,,,
JAC,E-JS1,39,260,12/2/2023,,,,
BYD,DOLPHIN,80,97,12/2/2023,,,,
GM,CRUZE_HB,33,238,12/2/2023,,,,
AUDI,A3,48,224,12/2/2023,,,,
NISSAN,LEAF,7,168,12/2/2023,,,,
MBENZ,CLASSE_A,5,30,12/2/2023,,,,
BMW,118i,6,22,12/2/2023,,,,
TOYOTA,COROLLA_GR,17,17,12/2/2023,,,,
FIAT,CRONOS,5036,24231,12/2/2023,,,,
HYUNDAI,HB20S,4811,14310,12/2/2023,,,,
RENAULT,LOGAN,1923,3289,12/2/2023,,,,
VW,VOYAGE,0,2068,12/2/2023,,,,
FIAT,SIENA,1,16,12/2/2023,,,,
TOYOTA,ETIOS_SEDAN,1,3,12/2/2023,,,,
GM,PRISMA,0,2,12/2/2023,,,,
FORD,FIESTA_SEDAN,0,1,12/2/2023,,,,
FORD,KA_SEDAN,0,1,12/2/2023,,,,
GM,CLASSIC,0,1,12/2/2023,,,,
GM,ONIX_PLUS,6412,42138,12/2/2023,,,,
VW,VIRTUS,2729,12418,12/2/2023,,,,
TOYOTA,YARIS_SEDAN,2505,8562,12/2/2023,,,,
HONDA,CITY,1060,7656,12/2/2023,,,,
NISSAN,VERSA,1086,4657,12/2/2023,,,,
FORD,CORCEL,2,8,12/2/2023,,,,
TOYOTA,COROLLA,3812,23664,12/2/2023,,,,
NISSAN,SENTRA,275,2228,12/2/2023,,,,
VW,JETTA,162,806,12/2/2023,,,,
GM,CRUZE_SEDAN,113,675,12/2/2023,,,,
AUDI,A3_SEDAN,71,393,12/2/2023,,,,
CAOA_CHERY,ARRIZO_6,58,390,12/2/2023,,,,
HONDA,CIVIC,4,324,12/2/2023,,,,
AUDI,A5,52,291,12/2/2023,,,,
JAC,E-J7,5,70,12/2/2023,,,,
MBENZ,CLA45,4,64,12/2/2023,,,,
BMW,420I,11,60,12/2/2023,,,,
BMW,218I,4,54,12/2/2023,,,,
MBENZ,CLA35,2,40,12/2/2023,,,,
HYUNDAI,IONIQ,1,17,12/2/2023,,,,
KIA,CERATO,1,15,12/2/2023,,,,
TESLA,MODEL_3,3,11,12/2/2023,,,,
BYD,SEAL,9,9,12/2/2023,,,,
MBENZ,CLASSE_A,0,5,12/2/2023,,,,
GM,IMPALA,0,1,12/2/2023,,,,
RENAULT,FLUENCE,0,1,12/2/2023,,,,
TOYOTA,PRIUS,0,1,12/2/2023,,,,
BMW,320I,350,2643,12/2/2023,,,,
MBENZ,CLASSE_C,93,399,12/2/2023,,,,
BMW,330E,9,365,12/2/2023,,,,
AUDI,A4,22,243,12/2/2023,,,,
PORSCHE,PANAMERA,33,208,12/2/2023,,,,
MBENZ,CLA250,16,201,12/2/2023,,,,
BMW,I4,14,86,12/2/2023,,,,
BYD,HAN,7,61,12/2/2023,,,,
BMW,530E,9,54,12/2/2023,,,,
LEXUS,ES300,10,47,12/2/2023,,,,
TOYOTA,CAMRY,1,31,12/2/2023,,,,
AUDI,E_TRON_GT,3,22,12/2/2023,,,,
VW,PARATI,0,2,12/2/2023,,,,
VW,SPACE_FOX,0,1,12/2/2023,,,,
AUDI,RS6_AVANT,3,23,12/2/2023,,,,
GM,CARAVAN,0,1,12/2/2023,,,,
VW,QUANTUM,0,1,12/2/2023,,,,
GM,BOLT,18,38,12/2/2023,,,,
FIAT,DOBLO,0,3,12/2/2023,,,,
NISSAN,LIVINA,0,1,12/2/2023,,,,
GM,SPIN,2026,10617,12/2/2023,,,,
BYD,D1,143,163,12/2/2023,,,,
KIA,CARNIVAL,0,23,12/2/2023,,,,
CHRYSLER,PACIFICA,2,7,12/2/2023,,,,
PORSCHE,911,51,463,12/2/2023,,,,
FORD,MUSTANG,25,243,12/2/2023,,,,
BMW,M3,18,186,12/2/2023,,,,
PORSCHE,TAYCAN,23,167,12/2/2023,,,,
PORSCHE,BOXSTER,14,127,12/2/2023,,,,
PORSCHE,CAYMAN,16,82,12/2/2023,,,,
JAGUAR,F-TYPE,8,49,12/2/2023,,,,
GM,CORVETTE,3,36,12/2/2023,,,,
MCLAREN,ARTURA,2,30,12/2/2023,,,,
VW,T_CROSS,8553,40587,12/2/2023,,,,
HYUNDAI,CRETA,5314,35262,12/2/2023,,,,
JEEP,COMPASS,4707,35056,12/2/2023,,,,
GM,TRACKER,5438,34401,12/2/2023,,,,
JEEP,RENEGADE,5556,27875,12/2/2023,,,,
VW,NIVUS,6498,27375,12/2/2023,,,,
NISSAN,KICKS,4752,26814,12/2/2023,,,,
HONDA,HR-V,4983,25525,12/2/2023,,,,
FIAT,PULSE,3994,25438,12/2/2023,,,,
TOYOTA,COROLLA_CROSS,3630,25113,12/2/2023,,,,
FIAT,FASTBACK,3635,21130,12/2/2023,,,,
RENAULT,DUSTER,1801,12574,12/2/2023,,,,
JEEP,COMMANDER,1408,11917,12/2/2023,,,,
TOYOTA,HILUX_SW4,1261,8132,12/2/2023,,,,
VW,TAOS,1203,7632,12/2/2023,,,,
CAOA_CHERY,TIGGO_5X,1201,4998,12/2/2023,,,,
CAOA_CHERY,TIGGO_8,901,4615,12/2/2023,,,,
CAOA_CHERY,TIGGO_7,555,3234,12/2/2023,,,,
GWM,HAVAL_H6,953,3115,12/2/2023,,,,
VOLVO,XC60,395,2603,12/2/2023,,,,
GM,EQUINOX,335,2227,12/2/2023,,,,
CITROEN,C4_CACTUS,227,2058,12/2/2023,,,,
BMW,X1,390,1991,12/2/2023,,,,
MITSUBISHI,ECLIPSE_CROSS,264,1682,12/2/2023,,,,
BYD,SONG_PLUS,445,1541,12/2/2023,,,,
PORSCHE,CAYENNE,190,1180,12/2/2023,,,,
AUDI,Q5,116,1090,12/2/2023,,,,
MITSUBISHI,PAJERO,227,1084,12/2/2023,,,,
PEUGEOT,2008,191,1073,12/2/2023,,,,
VOLVO,XC40,106,1009,12/2/2023,,,,
GM,TRAILBLAZER,123,999,12/2/2023,,,,
LAND_ROVER,DISCOVERY,155,850,12/2/2023,,,,
AUDI,Q3,137,834,12/2/2023,,,,
PORSCHE,MACAN,78,830,12/2/2023,,,,
VOLVO,XC90,65,653,12/2/2023,,,,
LAND_ROVER,DEFENDER,121,645,12/2/2023,,,,
MBENZ,CLASSE_GLB,77,636,12/2/2023,,,,
FORD,TERRITORY,57,634,12/2/2023,,,,
KIA,STONIC,92,613,12/2/2023,,,,
LAND_ROVER,RANGE_ROVER,78,592,12/2/2023,,,,
FIAT,MOBI,6593,45616,12/2/2023,,,,
RENAULT,KWID,4569,37817,12/2/2023,,,,
VW,GOL,57,6110,12/2/2023,,,,
VW,FUSCA,9,60,12/2/2023,,,,
FIAT,UNO,1,25,12/2/2023,,,,
FIAT,PALIO,2,7,12/2/2023,,,,
VW,UP,2,6,12/2/2023,,,,
GM,CHEVETTE,0,3,12/2/2023,,,,
FIAT,147,1,2,12/2/2023,,,,
GM,ONIX,8345,62715,12/2/2023,,,,
VW,POLO,8220,62412,12/2/2023,,,,
HYUNDAI,HB20,8053,54180,12/2/2023,,,,
FIAT,ARGO,5892,44971,12/2/2023,,,,
PEUGEOT,208,3318,17967,12/2/2023,,,,
CITROEN,C3,2182,16549,12/2/2023,,,,
TOYOTA,YARIS_HB,1996,15485,12/2/2023,,,,
HONDA,CITY_HATCH,647,7960,12/2/2023,,,,
RENAULT,SANDERO,677,5584,12/2/2023,,,,
MINI,COOPER,65,489,12/2/2023,,,,
BYD,DOLPHIN,371,467,12/2/2023,,,,
JAC,E-JS1,32,292,12/2/2023,,,,
GM,CRUZE_HB,33,271,12/2/2023,,,,
AUDI,A3,21,245,12/2/2023,,,,
NISSAN,LEAF,0,168,12/2/2023,,,,
MBENZ,CLASSE_A,10,40,12/2/2023,,,,
TOYOTA,COROLLA_GR,15,32,12/2/2023,,,,
BMW,118i,6,28,12/2/2023,,,,
FIAT,CRONOS,5093,29322,12/2/2023,,,,
HYUNDAI,HB20S,2294,16604,12/2/2023,,,,
RENAULT,LOGAN,88,3377,12/2/2023,,,,
VW,VOYAGE,3,2071,12/2/2023,,,,
FIAT,SIENA,1,17,12/2/2023,,,,
GM,PRISMA,1,3,12/2/2023,,,,
TOYOTA,ETIOS_SEDAN,0,3,12/2/2023,,,,
FORD,KA_SEDAN,1,2,12/2/2023,,,,
DODGE,CHARGER,1,1,12/2/2023,,,,
FORD,FIESTA_SEDAN,0,1,12/2/2023,,,,
GM,ONIX_PLUS,7055,49192,12/2/2023,,,,
VW,VIRTUS,3107,15525,12/2/2023,,,,
TOYOTA,YARIS_SEDAN,2597,11159,12/2/2023,,,,
HONDA,CITY,935,8591,12/2/2023,,,,
NISSAN,VERSA,977,5633,12/2/2023,,,,
FORD,CORCEL,2,10,12/2/2023,,,,
TOYOTA,COROLLA,4175,27838,12/2/2023,,,,
NISSAN,SENTRA,376,2604,12/2/2023,,,,
VW,JETTA,371,1177,12/2/2023,,,,
GM,CRUZE_SEDAN,95,770,12/2/2023,,,,
CAOA_CHERY,ARRIZO_6,175,565,12/2/2023,,,,
AUDI,A3_SEDAN,33,426,12/2/2023,,,,
HONDA,CIVIC,66,390,12/2/2023,,,,
AUDI,A5,47,338,12/2/2023,,,,
HYUNDAI,IONIQ,103,120,12/2/2023,,,,
MBENZ,CLA45,10,74,12/2/2023,,,,
JAC,E-J7,3,73,12/2/2023,,,,
BMW,420I,8,68,12/2/2023,,,,
BMW,218I,5,59,12/2/2023,,,,
MBENZ,CLA35,3,43,12/2/2023,,,,
BYD,SEAL,14,23,12/2/2023,,,,
KIA,CERATO,0,15,12/2/2023,,,,
TESLA,MODEL_3,2,13,12/2/2023,,,,
MBENZ,CLASSE_A,0,5,12/2/2023,,,,
GM,IMPALA,0,1,12/2/2023,,,,
RENAULT,FLUENCE,0,1,12/2/2023,,,,
TOYOTA,PRIUS,0,1,12/2/2023,,,,
BMW,320I,425,3068,12/2/2023,,,,
MBENZ,CLASSE_C,117,516,12/2/2023,,,,
BMW,330E,69,434,12/2/2023,,,,
PORSCHE,PANAMERA,47,255,12/2/2023,,,,
AUDI,A4,9,252,12/2/2023,,,,
MBENZ,CLA250,12,213,12/2/2023,,,,
BMW,I4,26,112,12/2/2023,,,,
BMW,530E,12,66,12/2/2023,,,,
BYD,HAN,4,65,12/2/2023,,,,
LEXUS,ES300,10,57,12/2/2023,,,,
TOYOTA,CAMRY,2,33,12/2/2023,,,,
AUDI,E_TRON_GT,4,26,12/2/2023,,,,
VW,PARATI,0,2,12/2/2023,,,,
VW,SPACE_FOX,0,1,12/2/2023,,,,
AUDI,RS6_AVANT,4,27,12/2/2023,,,,
GM,CARAVAN,0,1,12/2/2023,,,,
VW,QUANTUM,0,1,12/2/2023,,,,
GM,BOLT,3,41,12/2/2023,,,,
FIAT,DOBLO,0,3,12/2/2023,,,,
NISSAN,LIVINA,0,1,12/2/2023,,,,
GM,SPIN,2341,12958,12/2/2023,,,,
BYD,D1,153,316,12/2/2023,,,,
KIA,CARNIVAL,0,23,12/2/2023,,,,
CHRYSLER,PACIFICA,3,10,12/2/2023,,,,
PORSCHE,911,109,572,12/2/2023,,,,
FORD,MUSTANG,27,270,12/2/2023,,,,
BMW,M3,24,210,12/2/2023,,,,
PORSCHE,TAYCAN,39,206,12/2/2023,,,,
PORSCHE,BOXSTER,30,157,12/2/2023,,,,
PORSCHE,CAYMAN,17,99,12/2/2023,,,,
JAGUAR,F-TYPE,8,57,12/2/2023,,,,
GM,CORVETTE,7,43,12/2/2023,,,,
MCLAREN,ARTURA,1,31,12/2/2023,,,,
VW,T_CROSS,5452,46038,12/2/2023,,,,
GM,TRACKER,6372,40773,12/2/2023,,,,
HYUNDAI,CRETA,5195,40457,12/2/2023,,,,
JEEP,COMPASS,5315,40369,12/2/2023,,,,
JEEP,RENEGADE,5044,32917,12/2/2023,,,,
VW,NIVUS,4936,32310,12/2/2023,,,,
HONDA,HR-V,5775,31299,12/2/2023,,,,
NISSAN,KICKS,4136,30950,12/2/2023,,,,
FIAT,PULSE,3742,29180,12/2/2023,,,,
TOYOTA,COROLLA_CROSS,3247,28359,12/2/2023,,,,
FIAT,FASTBACK,4308,25438,12/2/2023,,,,
RENAULT,DUSTER,1973,14547,12/2/2023,,,,
JEEP,COMMANDER,1922,13834,12/2/2023,,,,
TOYOTA,HILUX_SW4,1491,9623,12/2/2023,,,,
VW,TAOS,1481,9113,12/2/2023,,,,
CAOA_CHERY,TIGGO_5X,968,5966,12/2/2023,,,,
CAOA_CHERY,TIGGO_8,1290,5905,12/2/2023,,,,
GWM,HAVAL_H6,1452,4567,12/2/2023,,,,
CAOA_CHERY,TIGGO_7,693,3926,12/2/2023,,,,
VOLVO,XC60,412,3015,12/2/2023,,,,
GM,EQUINOX,328,2555,12/2/2023,,,,
CITROEN,C4_CACTUS,428,2486,12/2/2023,,,,
BMW,X1,385,2376,12/2/2023,,,,
BYD,SONG_PLUS,762,2303,12/2/2023,,,,
MITSUBISHI,ECLIPSE_CROSS,366,2048,12/2/2023,,,,
MITSUBISHI,PAJERO,207,1291,12/2/2023,,,,
PORSCHE,CAYENNE,100,1280,12/2/2023,,,,
AUDI,Q5,129,1219,12/2/2023,,,,
PEUGEOT,2008,146,1219,12/2/2023,,,,
GM,TRAILBLAZER,109,1108,12/2/2023,,,,
VOLVO,XC40,62,1071,12/2/2023,,,,
LAND_ROVER,DISCOVERY,202,1052,12/2/2023,,,,
AUDI,Q3,142,977,12/2/2023,,,,
PORSCHE,MACAN,110,940,12/2/2023,,,,
VOLVO,XC90,127,780,12/2/2023,,,,
FORD,TERRITORY,126,760,12/2/2023,,,,
LAND_ROVER,DEFENDER,97,742,12/2/2023,,,,
BMW,X4,140,698,12/2/2023,,,,
MBENZ,CLASSE_GLB,61,697,12/2/2023,,,,
KIA,STONIC,55,668,12/2/2023,,,,
FIAT,MOBI,8037,59666,12/2/2023,,,,
RENAULT,KWID,6394,49241,12/2/2023,,,,
VW,GOL,22,6153,12/2/2023,,,,
VW,FUSCA,10,76,12/2/2023,,,,
FIAT,UNO,2,31,12/2/2023,,,,
FIAT,PALIO,1,8,12/2/2023,,,,
VW,UP,0,6,12/2/2023,,,,
GM,CHEVETTE,2,5,12/2/2023,,,,
FIAT,147,0,2,12/2/2023,,,,
VW,POLO,11123,83050,12/2/2023,,,,
GM,ONIX,10657,81403,12/2/2023,,,,
HYUNDAI,HB20,7421,69221,12/2/2023,,,,
FIAT,ARGO,5257,56166,12/2/2023,,,,
PEUGEOT,208,2832,23084,12/2/2023,,,,
CITROEN,C3,2714,21252,12/2/2023,,,,
TOYOTA,YARIS_HB,1862,19173,12/2/2023,,,,
HONDA,CITY_HATCH,684,9327,12/2/2023,,,,
RENAULT,SANDERO,443,6578,12/2/2023,,,,
BYD,DOLPHIN,1366,2868,12/2/2023,,,,
MINI,COOPER,94,632,12/2/2023,,,,
JAC,E-JS1,24,372,12/2/2023,,,,
GM,CRUZE_HB,38,340,12/2/2023,,,,
AUDI,A3,45,324,12/2/2023,,,,
NISSAN,LEAF,2,219,12/2/2023,,,,
MBENZ,CLASSE_A,5,54,12/2/2023,,,,
TOYOTA,COROLLA_GR,14,54,12/2/2023,,,,
HONDA,CIVIC_TYPE-R,9,45,12/2/2023,,,,
FIAT,CRONOS,4929,38852,12/2/2023,,,,
HYUNDAI,HB20S,3442,23901,12/2/2023,,,,
RENAULT,LOGAN,177,3794,12/2/2023,,,,
VW,VOYAGE,2,2074,12/2/2023,,,,
FIAT,SIENA,3,21,12/2/2023,,,,
TOYOTA,ETIOS_SEDAN,0,4,12/2/2023,,,,
FORD,KA_SEDAN,0,3,12/2/2023,,,,
GM,PRISMA,0,3,12/2/2023,,,,
CAOA_CHERY,CELER_SEDAN,0,2,12/2/2023,,,,
DODGE,CHARGER,0,1,12/2/2023,,,,
GM,ONIX_PLUS,7114,63093,12/2/2023,,,,
VW,VIRTUS,2910,21034,12/2/2023,,,,
TOYOTA,YARIS_SEDAN,2426,16136,12/2/2023,,,,
HONDA,CITY,751,10024,12/2/2023,,,,
NISSAN,VERSA,767,7062,12/2/2023,,,,
FORD,CORCEL,0,10,12/2/2023,,,,
TOYOTA,COROLLA,3996,35305,12/2/2023,,,,
NISSAN,SENTRA,490,3436,12/2/2023,,,,
VW,JETTA,313,1672,12/2/2023,,,,
GM,CRUZE_SEDAN,121,997,12/2/2023,,,,
CAOA_CHERY,ARRIZO_6,100,896,12/2/2023,,,,
AUDI,A3_SEDAN,70,565,12/2/2023,,,,
AUDI,A5,58,460,12/2/2023,,,,
HONDA,CIVIC,33,443,12/2/2023,,,,
HYUNDAI,IONIQ,27,228,12/2/2023,,,,
BYD,SEAL,11,102,12/2/2023,,,,
BMW,420I,15,90,12/2/2023,,,,
MBENZ,CLA45,3,81,12/2/2023,,,,
JAC,E-J7,2,78,12/2/2023,,,,
BMW,218I,3,65,12/2/2023,,,,
MBENZ,CLA35,0,46,12/2/2023,,,,
KIA,CERATO,0,16,12/2/2023,,,,
TESLA,MODEL_3,1,16,12/2/2023,,,,
MBENZ,CLASSE_A,1,6,12/2/2023,,,,
GM,IMPALA,1,2,12/2/2023,,,,
VW,SANTANA,1,2,12/2/2023,,,,
RENAULT,FLUENCE,0,1,12/2/2023,,,,
BMW,320I,310,3728,12/2/2023,,,,
MBENZ,CLASSE_C,63,653,12/2/2023,,,,
BMW,330E,45,533,12/2/2023,,,,
PORSCHE,PANAMERA,63,375,12/2/2023,,,,
AUDI,A4,14,271,12/2/2023,,,,
MBENZ,CLA250,3,221,12/2/2023,,,,
BMW,I4,10,131,12/2/2023,,,,
BMW,530E,7,78,12/2/2023,,,,
BYD,HAN,4,70,12/2/2023,,,,
LEXUS,ES300,4,66,12/2/2023,,,,
AUDI,E_TRON_GT,6,42,12/2/2023,,,,
HONDA,ACCORD,33,42,12/2/2023,,,,
VW,PARATI,0,2,12/2/2023,,,,
VW,SPACE_FOX,0,1,12/2/2023,,,,
AUDI,RS6_AVANT,4,32,12/2/2023,,,,
GM,CARAVAN,0,1,12/2/2023,,,,
VW,QUANTUM,0,1,12/2/2023,,,,
GM,BOLT,1,44,12/2/2023,,,,
FIAT,DOBLO,0,3,12/2/2023,,,,
HONDA,FIT,2,3,12/2/2023,,,,
NISSAN,LIVINA,0,1,12/2/2023,,,,
RENAULT,KANGOO,1,1,12/2/2023,,,,
GM,SPIN,2051,16871,12/2/2023,,,,
BYD,D1,0,318,12/2/2023,,,,
KIA,CARNIVAL,0,23,12/2/2023,,,,
CHRYSLER,PACIFICA,4,15,12/2/2023,,,,
PORSCHE,911,132,830,12/2/2023,,,,
FORD,MUSTANG,21,320,12/2/2023,,,,
PORSCHE,TAYCAN,26,247,12/2/2023,,,,
PORSCHE,BOXSTER,41,243,12/2/2023,,,,
BMW,M3,17,242,12/2/2023,,,,
PORSCHE,CAYMAN,44,184,12/2/2023,,,,
JAGUAR,F-TYPE,18,83,12/2/2023,,,,
GM,CORVETTE,7,59,12/2/2023,,,,
DODGE,CHALLENGER,3,36,12/2/2023,,,,
VW,T_CROSS,6724,58125,12/2/2023,,,,
GM,TRACKER,6669,53979,12/2/2023,,,,
HYUNDAI,CRETA,5354,50252,12/2/2023,,,,
JEEP,COMPASS,4640,49422,12/2/2023,,,,
VW,NIVUS,4957,42037,12/2/2023,,,,
NISSAN,KICKS,6115,41770,12/2/2023,,,,
HONDA,HR-V,4049,39929,12/2/2023,,,,
JEEP,RENEGADE,3249,39922,12/2/2023,,,,
FIAT,PULSE,4157,36552,12/2/2023,,,,
TOYOTA,COROLLA_CROSS,3682,35037,12/2/2023,,,,
FIAT,FASTBACK,3640,32745,12/2/2023,,,,
RENAULT,DUSTER,2891,20036,12/2/2023,,,,
JEEP,COMMANDER,1577,16954,12/2/2023,,,,
TOYOTA,HILUX_SW4,1548,12541,12/2/2023,,,,
VW,TAOS,1865,12363,12/2/2023,,,,
CAOA_CHERY,TIGGO_5X,2483,9742,12/2/2023,,,,
CAOA_CHERY,TIGGO_8,678,7333,12/2/2023,,,,
GWM,HAVAL_H6,1450,7324,12/2/2023,,,,
CAOA_CHERY,TIGGO_7,510,5073,12/2/2023,,,,
BYD,SONG_PLUS,1100,4266,12/2/2023,,,,
VOLVO,XC60,323,3609,12/2/2023,,,,
GM,EQUINOX,425,3357,12/2/2023,,,,
CITROEN,C4_CACTUS,332,3182,12/2/2023,,,,
BMW,X1,418,3161,12/2/2023,,,,
MITSUBISHI,ECLIPSE_CROSS,464,2795,12/2/2023,,,,
MITSUBISHI,PAJERO,185,1667,12/2/2023,,,,
AUDI,Q5,246,1665,12/2/2023,,,,
PEUGEOT,2008,131,1505,12/2/2023,,,,
GM,TRAILBLAZER,217,1433,12/2/2023,,,,
PORSCHE,CAYENNE,48,1395,12/2/2023,,,,
LAND_ROVER,DISCOVERY,96,1351,12/2/2023,,,,
AUDI,Q3,140,1281,12/2/2023,,,,
VOLVO,XC40,133,1279,12/2/2023,,,,
PORSCHE,MACAN,84,1107,12/2/2023,,,,
FORD,TERRITORY,175,1082,12/2/2023,,,,
BYD,YUAN_PLUS,215,995,12/2/2023,,,,
VOLVO,XC90,72,939,12/2/2023,,,,
BMW,X4,93,902,12/2/2023,,,,
LAND_ROVER,DEFENDER,75,889,12/2/2023,,,,
KIA,SPORTAGE,114,864,12/2/2023,,,,
FIAT,MOBI,6367,66033,12/2/2023,,,,
RENAULT,KWID,5972,55213,12/2/2023,,,,
VW,GOL,14,6167,12/2/2023,,,,
VW,FUSCA,9,85,12/2/2023,,,,
FIAT,UNO,4,35,12/2/2023,,,,
FIAT,PALIO,2,10,12/2/2023,,,,
VW,UP,0,6,12/2/2023,,,,
GM,CHEVETTE,0,5,12/2/2023,,,,
FIAT,147,0,2,12/2/2023,,,,
VW,POLO,10197,93246,12/2/2023,,,,
GM,ONIX,9802,91204,12/2/2023,,,,
HYUNDAI,HB20,10057,79278,12/2/2023,,,,
FIAT,ARGO,5335,61500,12/2/2023,,,,
PEUGEOT,208,2910,25994,12/2/2023,,,,
CITROEN,C3,3307,24559,12/2/2023,,,,
TOYOTA,YARIS_HB,1405,20577,12/2/2023,,,,
HONDA,CITY_HATCH,662,9989,12/2/2023,,,,
RENAULT,SANDERO,524,7102,12/2/2023,,,,
BYD,DOLPHIN,1694,4561,12/2/2023,,,,
MINI,COOPER,90,722,12/2/2023,,,,
JAC,E-JS1,43,415,12/2/2023,,,,
GM,CRUZE_HB,40,380,12/2/2023,,,,
AUDI,A3,38,362,12/2/2023,,,,
NISSAN,LEAF,0,219,12/2/2023,,,,
TOYOTA,COROLLA_GR,7,61,12/2/2023,,,,
MBENZ,CLASSE_A,3,57,12/2/2023,,,,
HONDA,CIVIC_TYPE-R,2,47,12/2/2023,,,,
FIAT,CRONOS,5572,44423,12/2/2023,,,,
HYUNDAI,HB20S,3345,27246,12/2/2023,,,,
RENAULT,LOGAN,350,4144,12/2/2023,,,,
VW,VOYAGE,0,2074,12/2/2023,,,,
FIAT,SIENA,2,23,12/2/2023,,,,
GM,PRISMA,1,4,12/2/2023,,,,
TOYOTA,ETIOS_SEDAN,0,4,12/2/2023,,,,
FORD,KA_SEDAN,0,3,12/2/2023,,,,
CAOA_CHERY,CELER_SEDAN,0,2,12/2/2023,,,,
DODGE,CHARGER,0,1,12/2/2023,,,,
GM,ONIX_PLUS,5423,68516,12/2/2023,,,,
VW,VIRTUS,2431,23465,12/2/2023,,,,
TOYOTA,YARIS_SEDAN,1734,17870,12/2/2023,,,,
HONDA,CITY,887,10911,12/2/2023,,,,
NISSAN,VERSA,772,7834,12/2/2023,,,,
FORD,CORCEL,0,10,12/2/2023,,,,
TOYOTA,COROLLA,3571,38876,12/2/2023,,,,
NISSAN,SENTRA,326,3762,12/2/2023,,,,
VW,JETTA,280,1952,12/2/2023,,,,
GM,CRUZE_SEDAN,106,1103,12/2/2023,,,,
CAOA_CHERY,ARRIZO_6,54,950,12/2/2023,,,,
AUDI,A3_SEDAN,33,598,12/2/2023,,,,
AUDI,A5,57,517,12/2/2023,,,,
HONDA,CIVIC,13,456,12/2/2023,,,,
HYUNDAI,IONIQ,31,259,12/2/2023,,,,
BYD,SEAL,81,183,12/2/2023,,,,
BMW,420I,19,109,12/2/2023,,,,
JAC,E-J7,4,82,12/2/2023,,,,
MBENZ,CLA45,0,81,12/2/2023,,,,
BMW,218I,1,66,12/2/2023,,,,
MBENZ,CLA35,13,59,12/2/2023,,,,
KIA,CERATO,0,16,12/2/2023,,,,
TESLA,MODEL_3,0,16,12/2/2023,,,,
MBENZ,CLASSE_A,0,6,12/2/2023,,,,
GM,IMPALA,0,2,12/2/2023,,,,
VW,SANTANA,0,2,12/2/2023,,,,
BMW,430I,1,1,12/2/2023,,,,
BMW,320I,256,3984,12/2/2023,,,,
MBENZ,CLASSE_C,12,665,12/2/2023,,,,
BMW,330E,20,553,12/2/2023,,,,
PORSCHE,PANAMERA,78,453,12/2/2023,,,,
AUDI,A4,25,296,12/2/2023,,,,
MBENZ,CLA250,1,222,12/2/2023,,,,
BMW,I4,15,146,12/2/2023,,,,
BMW,530E,9,87,12/2/2023,,,,
LEXUS,ES300,6,72,12/2/2023,,,,
BYD,HAN,2,72,12/2/2023,,,,
HONDA,ACCORD,10,52,12/2/2023,,,,
AUDI,E_TRON_GT,0,42,12/2/2023,,,,
VW,PARATI,0,2,12/2/2023,,,,
VW,SPACE_FOX,0,1,12/2/2023,,,,
AUDI,RS6_AVANT,4,36,12/2/2023,,,,
VW,QUANTUM,2,3,12/2/2023,,,,
GM,CARAVAN,0,1,12/2/2023,,,,
GM,BOLT,0,44,12/2/2023,,,,
FIAT,DOBLO,0,3,12/2/2023,,,,
HONDA,FIT,0,3,12/2/2023,,,,
NISSAN,LIVINA,0,1,12/2/2023,,,,
RENAULT,KANGOO,0,1,12/2/2023,,,,
GM,SPIN,1630,18500,12/2/2023,,,,
BYD,D1,0,318,12/2/2023,,,,
KIA,CARNIVAL,1,24,12/2/2023,,,,
CHRYSLER,PACIFICA,1,16,12/2/2023,,,,
PORSCHE,911,108,939,12/2/2023,,,,
FORD,MUSTANG,24,344,12/2/2023,,,,
PORSCHE,TAYCAN,32,279,12/2/2023,,,,
PORSCHE,BOXSTER,26,269,12/2/2023,,,,
BMW,M3,17,259,12/2/2023,,,,
PORSCHE,CAYMAN,20,204,12/2/2023,,,,
JAGUAR,F-TYPE,10,93,12/2/2023,,,,
GM,CORVETTE,5,64,12/2/2023,,,,
BMW,M2,27,46,12/2/2023,,,,
VW,T_CROSS,6525,64650,12/2/2023,,,,
GM,TRACKER,5899,59877,12/2/2023,,,,
HYUNDAI,CRETA,6989,57240,12/2/2023,,,,
JEEP,COMPASS,5751,55171,12/2/2023,,,,
VW,NIVUS,4421,46457,12/2/2023,,,,
NISSAN,KICKS,4189,45958,12/2/2023,,,,
JEEP,RENEGADE,4236,44157,12/2/2023,,,,
HONDA,HR-V,3924,43853,12/2/2023,,,,
FIAT,PULSE,4719,41271,12/2/2023,,,,
TOYOTA,COROLLA_CROSS,2648,37681,12/2/2023,,,,
FIAT,FASTBACK,3709,36455,12/2/2023,,,,
RENAULT,DUSTER,3295,23331,12/2/2023,,,,
JEEP,COMMANDER,1736,18690,12/2/2023,,,,
VW,TAOS,1863,14225,12/2/2023,,,,
TOYOTA,HILUX_SW4,1544,14084,12/2/2023,,,,
CAOA_CHERY,TIGGO_5X,2433,12175,12/2/2023,,,,
GWM,HAVAL_H6,1295,8619,12/2/2023,,,,
CAOA_CHERY,TIGGO_8,1057,8390,12/2/2023,,,,
BYD,SONG_PLUS,1523,5787,12/2/2023,,,,
CAOA_CHERY,TIGGO_7,600,5673,12/2/2023,,,,
VOLVO,XC60,228,3837,12/2/2023,,,,
GM,EQUINOX,350,3707,12/2/2023,,,,
BMW,X1,382,3543,12/2/2023,,,,
CITROEN,C4_CACTUS,232,3414,12/2/2023,,,,
MITSUBISHI,ECLIPSE_CROSS,539,3334,12/2/2023,,,,
AUDI,Q5,193,1858,12/2/2023,,,,
MITSUBISHI,PAJERO,163,1830,12/2/2023,,,,
PEUGEOT,2008,109,1614,12/2/2023,,,,
GM,TRAILBLAZER,137,1570,12/2/2023,,,,
AUDI,Q3,204,1486,12/2/2023,,,,
VOLVO,XC40,207,1486,12/2/2023,,,,
LAND_ROVER,DISCOVERY,120,1471,12/2/2023,,,,
PORSCHE,CAYENNE,35,1430,12/2/2023,,,,
BYD,YUAN_PLUS,286,1281,12/2/2023,,,,
PORSCHE,MACAN,98,1205,12/2/2023,,,,
FORD,TERRITORY,43,1125,12/2/2023,,,,
VOLVO,XC90,130,1069,12/2/2023,,,,
BMW,X4,148,1050,12/2/2023,,,,
BMW,X5,177,1040,12/2/2023,,,,
FORD,BRONCO,170,1017,12/2/2023,,,,
FIAT,MOBI,7395,73428,12/2/2023,,,,
RENAULT,KWID,8104,63316,12/2/2023,,,,
VW,GOL,8,6165,12/2/2023,,,,
FIAT,UNO,5,37,12/2/2023,,,,
FIAT,PALIO,0,7,12/2/2023,,,,
VW,UP,0,6,12/2/2023,,,,
TOYOTA,ETIOS_HB,0,1,12/2/2023,,,,
VW,POLO,17999,111242,12/2/2023,,,,
GM,ONIX,10839,102043,12/2/2023,,,,
HYUNDAI,HB20,9627,88905,12/2/2023,,,,
FIAT,ARGO,5218,66717,12/2/2023,,,,
PEUGEOT,208,2636,28629,12/2/2023,,,,
CITROEN,C3,2020,26578,12/2/2023,,,,
TOYOTA,YARIS_HB,2762,23339,12/2/2023,,,,
HONDA,CITY_HATCH,813,10802,12/2/2023,,,,
RENAULT,SANDERO,758,7860,12/2/2023,,,,
BYD,DOLPHIN,2248,6806,12/2/2023,,,,
MINI,COOPER,66,788,12/2/2023,,,,
GWM,ORA_03,711,775,12/2/2023,,,,
GM,CRUZE_HB,52,432,12/2/2023,,,,
AUDI,A3,36,397,12/2/2023,,,,
NISSAN,LEAF,151,370,12/2/2023,,,,
MBENZ,CLASSE_A,6,63,12/2/2023,,,,
TOYOTA,COROLLA_GR,0,61,12/2/2023,,,,
HONDA,CIVIC_TYPE-R,4,51,12/2/2023,,,,
FIAT,CRONOS,6332,50755,12/2/2023,,,,
HYUNDAI,HB20S,3035,30281,12/2/2023,,,,
RENAULT,LOGAN,415,4559,12/2/2023,,,,
VW,VOYAGE,1,2074,12/2/2023,,,,
FIAT,SIENA,1,22,12/2/2023,,,,
GM,PRISMA,3,6,12/2/2023,,,,
TOYOTA,ETIOS_SEDAN,0,4,12/2/2023,,,,
FORD,KA_SEDAN,0,3,12/2/2023,,,,
CAOA_CHERY,CELER_SEDAN,0,2,12/2/2023,,,,
FORD,FIESTA_SEDAN,0,1,12/2/2023,,,,
GM,ONIX_PLUS,6375,74887,12/2/2023,,,,
VW,VIRTUS,3629,27094,12/2/2023,,,,
TOYOTA,YARIS_SEDAN,2702,20571,12/2/2023,,,,
HONDA,CITY,931,11841,12/2/2023,,,,
NISSAN,VERSA,1024,8858,12/2/2023,,,,
CAOA_CHERY,ARRIZO_5,0,3,12/2/2023,,,,
TOYOTA,COROLLA,4050,42923,12/2/2023,,,,
NISSAN,SENTRA,384,4146,12/2/2023,,,,
VW,JETTA,278,2230,12/2/2023,,,,
GM,CRUZE_SEDAN,175,1278,12/2/2023,,,,
BYD,SEAL,857,1040,12/2/2023,,,,
CAOA_CHERY,ARRIZO_6,19,969,12/2/2023,,,,
AUDI,A3_SEDAN,75,673,12/2/2023,,,,
AUDI,A5,40,559,12/2/2023,,,,
HONDA,CIVIC,19,475,12/2/2023,,,,
HYUNDAI,IONIQ,1,260,12/2/2023,,,,
BMW,420I,22,131,12/2/2023,,,,
MBENZ,CLA45,4,85,12/2/2023,,,,
JAC,E-J7,1,83,12/2/2023,,,,
BMW,218I,3,69,12/2/2023,,,,
MBENZ,CLA35,9,68,12/2/2023,,,,
KIA,CERATO,1,17,12/2/2023,,,,
TESLA,MODEL_3,0,16,12/2/2023,,,,
MBENZ,CLASSE_A,0,6,12/2/2023,,,,
BMW,430I,0,2,12/2/2023,,,,
LEXUS,IS_350,0,1,12/2/2023,,,,
MBENZ,CLASSE_C,0,1,12/2/2023,,,,
BMW,320I,434,4418,12/2/2023,,,,
MBENZ,CLASSE_C,200,865,12/2/2023,,,,
BMW,330E,15,568,12/2/2023,,,,
PORSCHE,PANAMERA,56,509,12/2/2023,,,,
AUDI,A4,53,348,12/2/2023,,,,
MBENZ,CLA250,0,222,12/2/2023,,,,
BMW,I4,9,155,12/2/2023,,,,
HONDA,ACCORD,52,104,12/2/2023,,,,
BMW,530E,9,96,12/2/2023,,,,
LEXUS,ES300,11,83,12/2/2023,,,,
BYD,HAN,6,78,12/2/2023,,,,
MBENZ,CLA200,45,76,12/2/2023,,,,
AUDI,RS6_AVANT,6,42,12/2/2023,,,,
GM,BOLT,2,46,12/2/2023,,,,
HONDA,FIT,3,6,12/2/2023,,,,
FIAT,DOBLO,0,3,12/2/2023,,,,
NISSAN,LIVINA,0,1,12/2/2023,,,,
RENAULT,KANGOO,0,1,12/2/2023,,,,
GM,SPIN,1814,20314,12/2/2023,,,,
BYD,D1,5,323,12/2/2023,,,,
KIA,CARNIVAL,0,25,12/2/2023,,,,
CHRYSLER,PACIFICA,1,18,12/2/2023,,,,
PORSCHE,911,126,1053,12/2/2023,,,,
FORD,MUSTANG,20,343,12/2/2023,,,,
PORSCHE,BOXSTER,57,326,12/2/2023,,,,
PORSCHE,TAYCAN,43,322,12/2/2023,,,,
BMW,M3,9,268,12/2/2023,,,,
PORSCHE,CAYMAN,17,221,12/2/2023,,,,
JAGUAR,F-TYPE,5,98,12/2/2023,,,,
BMW,M2,17,63,12/2/2023,,,,
GM,CORVETTE,4,59,12/2/2023,,,,
VW,T_CROSS,7792,72440,12/2/2023,,,,
GM,TRACKER,6769,66643,12/2/2023,,,,
HYUNDAI,CRETA,8579,65817,12/2/2023,,,,
JEEP,COMPASS,3937,59106,12/2/2023,,,,
VW,NIVUS,5646,52103,12/2/2023,,,,
NISSAN,KICKS,4820,50778,12/2/2023,,,,
HONDA,HR-V,4201,48054,12/2/2023,,,,
JEEP,RENEGADE,3234,47389,12/2/2023,,,,
FIAT,PULSE,4537,45808,12/2/2023,,,,
TOYOTA,COROLLA_CROSS,4389,42070,12/2/2023,,,,
FIAT,FASTBACK,3949,40402,12/2/2023,,,,
RENAULT,DUSTER,3175,26506,12/2/2023,,,,
JEEP,COMMANDER,1185,19874,12/2/2023,,,,
TOYOTA,HILUX_SW4,1922,16006,12/2/2023,,,,
VW,TAOS,1761,15986,12/2/2023,,,,
CAOA_CHERY,TIGGO_5X,2225,14400,12/2/2023,,,,
GWM,HAVAL_H6,2085,10704,12/2/2023,,,,
CAOA_CHERY,TIGGO_8,1155,9545,12/2/2023,,,,
BYD,SONG_PLUS,1883,7669,12/2/2023,,,,
CAOA_CHERY,TIGGO_7,676,6349,12/2/2023,,,,
VOLVO,XC60,499,4335,12/2/2023,,,,
GM,EQUINOX,360,4067,12/2/2023,,,,
MITSUBISHI,ECLIPSE_CROSS,655,3989,12/2/2023,,,,
BMW,X1,440,3983,12/2/2023,,,,
CITROEN,C4_CACTUS,260,3674,12/2/2023,,,,
AUDI,Q5,317,2175,12/2/2023,,,,
MITSUBISHI,PAJERO,240,2070,12/2/2023,,,,
VOLVO,XC40,316,1802,12/2/2023,,,,
BYD,YUAN_PLUS,475,1756,12/2/2023,,,,
PEUGEOT,2008,114,1728,12/2/2023,,,,
AUDI,Q3,241,1727,12/2/2023,,,,
LAND_ROVER,DISCOVERY,243,1714,12/2/2023,,,,
GM,TRAILBLAZER,89,1659,12/2/2023,,,,
PORSCHE,CAYENNE,35,1465,12/2/2023,,,,
FORD,TERRITORY,198,1323,12/2/2023,,,,
PORSCHE,MACAN,103,1308,12/2/2023,,,,
BMW,X5,227,1267,12/2/2023,,,,
VOLVO,XC90,134,1203,12/2/2023,,,,
BMW,X4,137,1187,12/2/2023,,,,
FORD,BRONCO,141,1156,12/2/2023,,,,
